ID,Title,"Tax Status"
72,"Diamond Eternity Band 2.2mm",taxable
95,"Space and Time Parallel Eternity Band",taxable
458,"Aura Ring",taxable
488,"Aura Ring",taxable
799,".2ctw Diamond Martini Studs",taxable
819,"5 Stone Diamond Capsule Necklace",taxable
940,"Apollo Ring",taxable
941,"Apollo Ring",none
942,"Apollo Ring",none
943,"Apollo Ring",none
944,"Apollo Ring",none
945,"Artemis Ring",taxable
946,"Artemis Ring",none
947,"Artemis Ring",none
948,"Artemis Ring",none
949,"Artemis Ring",none
955,"Aurelia Solitaire Ring",taxable
959,"Aurelia Solitaire Ring",none
960,"Aurelia Bezel Solitaire Ring",taxable
964,"Aurelia Bezel Solitaire Ring",none
965,"Aurelia Three Stone with Diamonds Ring",taxable
969,"Aurelia Three Stone with Diamonds Ring",none
970,"Aurelia Three Stone with Sapphires Ring",taxable
974,"Aurelia Three Stone with Sapphires Ring",none
980,"Bloom Ring",taxable
984,"Bloom Ring",none
990,"Bow Ring",taxable
991,"Bow Ring",none
992,"Bow Ring",none
993,"Bow Ring",none
994,"Bow Ring",none
995,"Burnished Diamond Band",taxable
996,"Burnished Diamond Band",none
997,"Burnished Diamond Band",none
998,"Burnished Diamond Band",none
999,"Burnished Diamond Band",none
1000,"Buttercup Ring",taxable
1001,"Buttercup Ring",none
1002,"Buttercup Ring",none
1003,"Buttercup Ring",none
1004,"Buttercup Ring",none
1015,"Cloud Ring",taxable
1016,"Cloud Ring",none
1017,"Cloud Ring",none
1018,"Cloud Ring",none
1019,"Cloud Ring",none
1046,"Dawn Ring",taxable
1047,"Dawn Ring",none
1048,"Dawn Ring",none
1050,"Dawn Ring",none
1061,"Diamond Eternity Band 1.3mm",taxable
1062,"Diamond Eternity Band 1.3mm",none
1063,"Diamond Eternity Band 1.3mm",none
1064,"Diamond Eternity Band 1.3mm",none
1065,"Diamond Eternity Band 1.3mm",none
1066,"Diamond Eternity Band 1.8mm",taxable
1067,"Diamond Eternity Band 1.8mm",none
1068,"Diamond Eternity Band 1.8mm",none
1069,"Diamond Eternity Band 1.8mm",none
1070,"Diamond Eternity Band 1.8mm",none
1076,"Diamond Eternity Band 2.8mm",taxable
1077,"Diamond Eternity Band 2.8mm",none
1078,"Diamond Eternity Band 2.8mm",none
1079,"Diamond Eternity Band 2.8mm",none
1080,"Diamond Eternity Band 2.8mm",none
1081,"Diamond Eternity Band 3.2mm",taxable
1082,"Diamond Eternity Band 3.2mm",none
1083,"Diamond Eternity Band 3.2mm",none
1084,"Diamond Eternity Band 3.2mm",none
1085,"Diamond Eternity Band 3.2mm",none
1086,"Diamond Eternity Band 3.8mm",taxable
1087,"Diamond Eternity Band 3.8mm",none
1088,"Diamond Eternity Band 3.8mm",none
1089,"Diamond Eternity Band 3.8mm",none
1090,"Diamond Eternity Band 3.8mm",none
1097,"Driftwood Diamond Band",taxable
1098,"Driftwood Diamond Band",none
1099,"Driftwood Diamond Band",none
1100,"Driftwood Diamond Band",none
1101,"Driftwood Diamond Band",none
1117,"Gardenia Ring",taxable
1118,"Gardenia Ring",none
1120,"Gardenia Ring",none
1121,"Gardenia Ring",none
1122,"Gather Ring",taxable
1123,"Gather Ring",none
1124,"Gather Ring",none
1125,"Gather Ring",none
1126,"Gather Ring",none
1138,"Milgrained Bezel Diamond Eternity Band",taxable
1139,"Milgrained Bezel Diamond Eternity Band",none
1140,"Milgrained Bezel Diamond Eternity Band",none
1141,"Milgrained Bezel Diamond Eternity Band",none
1142,"Milgrained Bezel Diamond Eternity Band",none
1160,"Oceans Band",taxable
1161,"Oceans Band",none
1162,"Oceans Band",none
1163,"Oceans Band",none
1164,"Oceans Band",none
1177,"Orpheus Ring",taxable
1181,"Orpheus Ring",none
1188,"Peacock Feather Ring",taxable
1189,"Peacock Feather Ring",none
1190,"Peacock Feather Ring",none
1191,"Peacock Feather Ring",none
1192,"Peacock Feather Ring",none
1210,"Rosalyn Ring",taxable
1211,"Rosalyn Ring",none
1212,"Rosalyn Ring",none
1214,"Rosalyn Ring",none
1215,"Twig Scattered Diamond Band",taxable
1216,"Twig Scattered Diamond Band",none
1217,"Twig Scattered Diamond Band",none
1218,"Twig Scattered Diamond Band",none
1219,"Twig Scattered Diamond Band",none
1225,"Signet Ring",taxable
1226,"Signet Ring",none
1227,"Signet Ring",none
1228,"Signet Ring",none
1229,"Signet Ring",none
1240,"Space and Time Parallel Ring",taxable
1241,"Space and Time Parallel Ring",none
1242,"Space and Time Parallel Ring",none
1243,"Space and Time Parallel Ring",none
1244,"Space and Time Parallel Ring",none
1250,"Space and Time Single Full Eternity Band",taxable
1251,"Space and Time Single Full Eternity Band",none
1252,"Space and Time Single Full Eternity Band",none
1253,"Space and Time Single Full Eternity Band",none
1254,"Space and Time Single Full Eternity Band",none
1255,"Space and Time Single Half Eternity Band",taxable
1256,"Space and Time Single Half Eternity Band",none
1257,"Space and Time Single Half Eternity Band",none
1258,"Space and Time Single Half Eternity Band",none
1259,"Space and Time Single Half Eternity Band",none
1260,"Space and Time Toi Et Moi Ring",taxable
1261,"Space and Time Toi Et Moi Ring",none
1262,"Space and Time Toi Et Moi Ring",none
1263,"Space and Time Toi Et Moi Ring",none
1264,"Space and Time Toi Et Moi Ring",none
1265,"Spiral Staircase Ring",taxable
1266,"Spiral Staircase Ring",none
1267,"Spiral Staircase Ring",none
1268,"Spiral Staircase Ring",none
1269,"Spiral Staircase Ring",none
1276,"Syzygy Ring",taxable
1277,"Syzygy Ring",none
1278,"Syzygy Ring",none
1279,"Syzygy Ring",none
1280,"Syzygy Ring",none
1291,"Twig Pave Diamond Band",taxable
1292,"Twig Pave Diamond Band",none
1293,"Twig Pave Diamond Band",none
1294,"Twig Pave Diamond Band",none
1295,"Twig Pave Diamond Band",none
1308,"Wheat Ring",taxable
1309,"Wheat Ring",none
1310,"Wheat Ring",none
1311,"Wheat Ring",none
1312,"Wheat Ring",none
1319,"Wheat Band 3mm",taxable
1325,"Wheat Band 4mm",taxable
1343,"Wheat Burnished Diamond Band",taxable
1344,"Wheat Burnished Diamond Band",none
1345,"Wheat Burnished Diamond Band",none
1346,"Wheat Burnished Diamond Band",none
1347,"Wheat Burnished Diamond Band",none
1425,"1.74ct Round Liberian Ruby",taxable
1433,"1.35ct Emerald Cut Winza Sapphire",taxable
1449,"1.33ct Emerald Cut Winza Sapphire",taxable
1453,"0.58ct Pear Cut Diamond",taxable
1481,"1.58ct Emerald Cut Winza Sapphire",taxable
1485,"0.61ct Pear Cut Diamond",taxable
1511,"0.97ct Pear Cut Montana Sapphire",taxable
1515,"1.29ct Emerald Cut Winza Sapphire",taxable
1523,"2.52ct Round Australian Opal",taxable
1535,"1.75ctw dew Emerald Cut Moissanite",taxable
1543,"0.99ct Emerald Cut Winza Sapphire",taxable
1555,"1.67ct Oval Montana Sapphire",taxable
1563,"1.0ct Round Montana Sapphire",taxable
1567,"1.46ct Emerald Cut Winza Sapphire",taxable
1575,"1.44ct Oval Sri Lankan Sapphire",taxable
1579,"0.61ct Trillion Cut Oregon Sunstone",taxable
1611,"0.80ct Pear Cut Montana Sapphire",taxable
1619,"1.36ct Emerald Cut Winza Sapphire",taxable
1623,"1.23ct Emerald Cut Winza Sapphire",taxable
1635,"0.65ct Pear Cut Diamond",taxable
1643,"1.23ct Old European Cut Diamond",taxable
1647,"1.53ct Emerald Cut Diamond",taxable
1667,"1.68ct Oval Montana Sapphire",taxable
1671,"1.64ct Emerald Cut Diamond",taxable
1675,"2.40ct Hex Slice Montana Sapphire",taxable
1679,"1.38ct Oval Montana Sapphire",taxable
1687,"2.59ct Oval Sri Lankan Sapphire",taxable
1691,"2.21ct Round Rose Cut Malawi Sapphire",taxable
1695,"1.58ct Round Sri Lankan Sapphire",taxable
1699,"1.21ct Round Montana Sapphire",taxable
1711,"1.33ct Emerald Cut Winza Sapphire",taxable
1723,"1.0ctw dew Pear Cut Moissanite",taxable
1727,"1.45ct Oval Montana Sapphire",taxable
1731,"1.31ct Round Sri Lankan Sapphire",taxable
1735,"1.05ct Oval Diamond",taxable
1763,"0.55ct Pear Cut Diamond",taxable
1771,"0.68ct Round Rose Cut Montana Sapphire",taxable
1775,"1.46ct Oval Sri Lankan Sapphire",taxable
1779,"0.94ct Pear Cut Montana Sapphire",taxable
1787,"1.53ct Pear Australian Boulder Opal",taxable
1795,"0.98ct Oval Montana Sapphire",taxable
1803,"1.50ctw dew Oval Cut Moissanite",taxable
1811,"0.87ct Pear Cut Montana Sapphire",taxable
1815,"0.82ct Round Montana Sapphire",taxable
1819,"1.57ct Oval Sri Lankan Sapphire",taxable
1827,"2.30ct Hexagonal Cut Montana Sapphire",taxable
1831,"1.12ct Pear Cut Montana Sapphire",taxable
1839,"0.77ct Round Rose Cut Malawi Sapphire",taxable
4526,"Diamond in the Rough Diamond Ring",taxable
4541,"Diamond in the Rough Ring",taxable
5162,"Mabe Pearl Necklace",taxable
5489,"Ruby Crossover Ring",taxable
6111,"Luna Diamond Ring",taxable
6274,"Sunset Ring",taxable
6308,"Linear Ring with Teal Sapphires",taxable
6594,"Turquoise Bubble Ring",taxable
7486,"Look at the Moon Necklace",taxable
7488,"Look at the Moon Necklace",none
7492,"Luna Ring",taxable
7495,"Luna Ring",none
7543,"My Aura is Gold and Diamonds Studs",taxable
7546,"My Aura is Gold and Diamonds with a Montana Sapphire Necklace",taxable
7603,"Palm Band",taxable
7605,"Palm Band",none
7608,"Palm Band",none
7609,"Palm Band",none
7610,"Palm Band",none
7611,"Palm Band",none
7646,"Plumeria Band",taxable
7753,"Sunshine Band",taxable
7755,"Sunset Diamond Ring",taxable
7800,"Triton Band",taxable
7813,"Twist Band",taxable
7821,"Daisy Band",taxable
7824,"Violet Band",taxable
7843,"Moon Band",taxable
8338,"Teal Sapphire Martini Studs",taxable
8339,"Green Sapphire Martini Studs",taxable
8340,".5ctw Diamond Martini Studs",taxable
8341,"1.0ctw Lab Grown Diamond Martini Studs",taxable
8343,"2.0ctw Lab Grown Diamond Martini Studs",taxable
8344,"2.6ctw Lab Grown Diamond Martini Studs",taxable
8345,"Turquoise Bubble Studs",taxable
8346,"Claw Diamond Studs",taxable
8347,"Claw Studs",taxable
8349,"Chalcedony Dagger Studs",taxable
8350,"Diamond in the Rough Studs",taxable
8352,"Door Knockers with Malachite",taxable
8353,"Door Knockers with Sunstone",taxable
8354,"Moss Agate Hex Studs",taxable
8355,"Rutilated Quartz Hex Studs",taxable
8356,"Sapphire Hex Studs",taxable
8357,"Turquoise Hex Studs",taxable
8358,"Huggie Hoops Large",taxable
8359,"Huggie Hoops Medium",taxable
8360,"Huggie Hoops Small",taxable
8361,"Mabe Pearl Studs",taxable
8363,"My Aura is Silver Studs",taxable
8365,"Stardust Dangle Jackets Long",taxable
8366,"Stardust Dangle Jackets Short",taxable
8367,"Linear Studs with Teal Sapphires",taxable
8368,"Trio Studs",taxable
8372,"5 Stone Dusk Capsule Necklace",taxable
8375,"Rutilated Quartz Hex Necklace",taxable
8404,".3ctw Diamond Martini Studs",taxable
8469,"5 Stone Land and Sea Capsule Necklace",taxable
8473,"5 Stone Oceans Capsule Necklace",taxable
8593,"Single Diamond Capsule Necklace",taxable
8605,"The Genesis",taxable
8663,"Angled Halo Ring",taxable
8664,"Angled Halo Ring",none
8665,"Angled Halo Ring",none
8666,"Angled Halo Ring",none
8667,"Angled Halo Ring",none
8703,"Australis Crown Band",taxable
8704,"Australis Crown Band",none
8705,"Australis Crown Band",none
8706,"Australis Crown Band",none
8707,"Australis Crown Band",none
8713,"Borealis Crown Band",taxable
8714,"Borealis Crown Band",none
8715,"Borealis Crown Band",none
8716,"Borealis Crown Band",none
8717,"Borealis Crown Band",none
8733,"Deep Chevron Diamond Band",taxable
8734,"Deep Chevron Diamond Band",none
8735,"Deep Chevron Diamond Band",none
8736,"Deep Chevron Diamond Band",none
8737,"Deep Chevron Diamond Band",none
8738,"Chevron Knife Edge Band",taxable
8739,"Chevron Knife Edge Band",none
8740,"Chevron Knife Edge Band",none
8741,"Chevron Knife Edge Band",none
8742,"Chevron Knife Edge Band",none
8748,"Comet Tail Band",taxable
8749,"Comet Tail Band",none
8750,"Comet Tail Band",none
8751,"Comet Tail Band",none
8752,"Comet Tail Band",none
8753,"Crescent Crown Diamond Eternity Band",taxable
8754,"Crescent Crown Diamond Eternity Band",none
8755,"Crescent Crown Diamond Eternity Band",none
8756,"Crescent Crown Diamond Eternity Band",none
8757,"Crescent Crown Diamond Eternity Band",none
8758,"Crescent Crown Half Diamond Eternity Band",taxable
8759,"Crescent Crown Half Diamond Eternity Band",none
8760,"Crescent Crown Half Diamond Eternity Band",none
8761,"Crescent Crown Half Diamond Eternity Band",none
8762,"Crescent Crown Half Diamond Eternity Band",none
8763,"Cressida Band",taxable
8764,"Cressida Band",none
8765,"Cressida Band",none
8766,"Cressida Band",none
8767,"Cressida Band",none
8774,"Wheat Band 6mm",taxable
8780,"Diadem Band",taxable
8781,"Diadem Band",none
8782,"Diadem Band",none
8783,"Diadem Band",none
8784,"Diadem Band",none
8817,"Hague Ring",taxable
8818,"Hague Ring",none
8819,"Hague Ring",none
8820,"Hague Ring",none
8821,"Hague Ring",none
8822,"June Ring",taxable
8823,"June Ring",none
8824,"June Ring",none
8825,"June Ring",none
8826,"June Ring",none
8844,"Neptune Band",taxable
8845,"Neptune Band",none
8846,"Neptune Band",none
8847,"Neptune Band",none
8848,"Neptune Band",none
8850,"Wheat Band 6mm",none
8862,"Orion Band",taxable
8879,"Petal Ring",taxable
8880,"Petal Ring",none
8881,"Petal Ring",none
8882,"Petal Ring",none
8883,"Petal Ring",none
8965,"Wheat Band 2mm",taxable
8966,"Wheat Band 2mm",none
8967,"Wheat Band 2mm",none
8968,"Wheat Band 2mm",none
8969,"Wheat Band 2mm",none
8970,"Wheat Band 2mm",none
8971,"Wheat Band 5mm",taxable
8972,"Wheat Band 5mm",none
8973,"Wheat Band 5mm",none
8974,"Wheat Band 5mm",none
8975,"Wheat Band 5mm",none
8976,"Wheat Band 5mm",none
8977,"Wheat Band 6mm",none
8978,"Wheat Band 6mm",none
8979,"Wheat Band 6mm",none
8980,"Wheat Band 6mm",none
8981,"Wheat Band 6mm",none
8987,"Wheat Pave Diamond Band",taxable
8989,"Wheat Pave Diamond Band",none
8990,"Wheat Pave Diamond Band",none
8991,"Wheat Pave Diamond Band",none
9007,"Classic Band 2mm",taxable
9008,"Classic Band 2mm",none
9009,"Classic Band 2mm",none
9010,"Classic Band 2mm",none
9011,"Classic Band 3mm",taxable
9012,"Classic Band 3mm",none
9013,"Classic Band 3mm",none
9014,"Classic Band 3mm",none
9015,"Classic Band 4mm",taxable
9016,"Classic Band 4mm",none
9017,"Classic Band 4mm",none
9018,"Classic Band 4mm",none
9019,"Classic Band 5mm",taxable
9020,"Classic Band 5mm",none
9021,"Classic Band 5mm",none
9022,"Classic Band 5mm",none
9023,"Classic Band 6mm",taxable
9024,"Classic Band 6mm",none
9025,"Classic Band 6mm",none
9026,"Classic Band 6mm",none
9036,"Classic Scroll Hand Engraved Band 2mm",taxable
9037,"Classic Scroll Hand Engraved Band 2mm",none
9038,"Classic Scroll Hand Engraved Band 2mm",none
9042,"Classic Scroll Hand Engraved Band 4mm",taxable
9043,"Classic Scroll Hand Engraved Band 4mm",none
9044,"Classic Scroll Hand Engraved Band 4mm",none
9061,"Standard Band 1.5mm",taxable
9062,"Standard Band 1.5mm",none
9063,"Standard Band 1.5mm",none
9064,"Standard Band 2mm",taxable
9065,"Standard Band 2mm",none
9066,"Standard Band 2mm",none
9067,"Standard Band 2mm",none
9072,"Standard Band 4mm",taxable
9073,"Standard Band 4mm",none
9074,"Standard Band 4mm",none
9075,"Standard Band 4mm",none
9076,"Standard Band 5mm",taxable
9077,"Standard Band 5mm",none
9078,"Standard Band 5mm",none
9079,"Standard Band 5mm",none
9080,"Standard Band 6mm",taxable
9081,"Standard Band 6mm",none
9082,"Standard Band 6mm",none
9083,"Standard Band 6mm",none
9084,"Standard with Diamonds Band 4mm",taxable
9085,"Standard with Diamonds Band 4mm",none
9086,"Standard with Diamonds Band 4mm",none
9087,"Standard with Diamonds Band 5mm",taxable
9088,"Standard with Diamonds Band 5mm",none
9089,"Standard with Diamonds Band 5mm",none
9094,"Standard Hammered Band 1.5mm",taxable
9095,"Standard Hammered Band 1.5mm",none
9096,"Standard Hammered Band 1.5mm",none
9097,"Standard Hammered Band 2mm",taxable
9098,"Standard Hammered Band 2mm",none
9099,"Standard Hammered Band 2mm",none
9100,"Standard Hammered Band 2mm",none
9109,"Standard Hammered Band 5mm",taxable
9110,"Standard Hammered Band 5mm",none
9111,"Standard Hammered Band 5mm",none
9112,"Standard Hammered Band 5mm",none
9113,"Standard Hammered Band 6mm",taxable
9114,"Standard Hammered Band 6mm",none
9115,"Standard Hammered Band 6mm",none
9116,"Standard Hammered Band 6mm",none
9117,"Standard 3-Sided Leaf Hand Engraved Band 2mm",taxable
9118,"Standard 3-Sided Leaf Hand Engraved Band 2mm",none
9119,"Standard 3-Sided Leaf Hand Engraved Band 2mm",none
9126,"Standard Hammered Rustic Band 5mm",taxable
9127,"Standard Hammered Rustic Band 5mm",none
9128,"Standard Hammered Rustic Band 5mm",none
9129,"Standard Hammered Rustic Band 5mm",none
9130,"Standard Hammered Rustic Band 6mm",taxable
9131,"Standard Hammered Rustic Band 6mm",none
9132,"Standard Hammered Rustic Band 6mm",none
9133,"Standard Hammered Rustic Band 6mm",none
9304,"Sunset Ring",taxable
9387,"Diamond in the Rough Studs",taxable
9394,"Rutilated Quartz Hex Necklace",taxable
9432,"My Aura is Gold and Diamonds with a Montana Sapphire Necklace",taxable
9445,"Apollo Ring",none
9447,"Artemis Ring",none
9450,"Aura Ring",taxable
9451,"Aura Ring",taxable
9452,"Aura Ring",taxable
9453,"Aurelia Solitaire Ring",none
9454,"Aurelia Solitaire Ring",none
9455,"Aurelia Solitaire Ring",none
9456,"Aurelia Solitaire Ring",none
9458,"Aurelia Bezel Solitaire Ring",none
9459,"Aurelia Bezel Solitaire Ring",none
9460,"Aurelia Bezel Solitaire Ring",none
9461,"Aurelia Bezel Solitaire Ring",none
9462,"Aurelia Three Stone with Diamonds Ring",none
9463,"Aurelia Three Stone with Diamonds Ring",none
9464,"Aurelia Three Stone with Diamonds Ring",none
9465,"Aurelia Three Stone with Diamonds Ring",none
9467,"Aurelia Three Stone with Sapphires Ring",none
9468,"Aurelia Three Stone with Sapphires Ring",none
9469,"Aurelia Three Stone with Sapphires Ring",none
9470,"Aurelia Three Stone with Sapphires Ring",none
9471,"Bloom Ring",none
9472,"Bloom Ring",none
9473,"Bloom Ring",none
9474,"Bloom Ring",none
9504,"Bow Ring",none
9506,"Buttercup Ring",none
9507,"Cloud Ring",none
9512,"Dawn Ring",none
9516,"Gardenia Ring",none
9517,"Gather Ring",none
9519,"Hague Ring",none
9520,"June Ring",none
9523,"Peacock Feather Ring",none
9524,"Petal Ring",none
9525,"Rosalyn Ring",none
9526,"Signet Ring",none
9527,"Space and Time Parallel Ring",none
9529,"Space and Time Toi Et Moi Ring",none
9530,"Spiral Staircase Ring",none
9531,"Syzygy Ring",none
9532,"Wheat Ring",none
9533,"Burnished Diamond Band",taxable
9737,"Crescent Crown Diamond Eternity Band",none
9739,"Crescent Crown Half Diamond Eternity Band",none
9740,"Diamond Eternity Band 1.3mm",none
9743,"Diamond Eternity Band 1.8mm",none
9745,"Diamond Eternity Band 2.2mm",taxable
9746,"Diamond Eternity Band 2.2mm",taxable
9747,"Diamond Eternity Band 2.2mm",taxable
9748,"Diamond Eternity Band 2.2mm",taxable
9749,"Diamond Eternity Band 2.2mm",taxable
9750,"Diamond Eternity Band 2.8mm",none
9753,"Diamond Eternity Band 3.2mm",none
9754,"Diamond Eternity Band 3.8mm",none
9757,"Driftwood Diamond Band",none
9758,"Milgrained Bezel Diamond Eternity Band",none
9760,"Oceans Band",none
9763,"Twig Scattered Diamond Band",none
9765,"Space and Time Parallel Eternity Band",taxable
9766,"Space and Time Parallel Eternity Band",taxable
9767,"Space and Time Parallel Eternity Band",taxable
9768,"Space and Time Parallel Eternity Band",taxable
9769,"Space and Time Parallel Eternity Band",taxable
9770,"Space and Time Single Full Eternity Band",none
9772,"Space and Time Single Half Eternity Band",none
9776,"Twig Pave Diamond Band",none
9777,"Wheat Burnished Diamond Band",none
9779,"Wheat Pave Diamond Band",taxable
9783,"Australis Crown Band",none
9881,"Borealis Crown Band",none
9882,"Deep Chevron Diamond Band",none
9883,"Chevron Knife Edge Band",none
9885,"Classic Band 3mm",taxable
9886,"Classic Band 4mm",taxable
9887,"Classic Band 5mm",taxable
9888,"Classic Band 6mm",taxable
9892,"Comet Tail Band",none
9893,"Classic Scroll Hand Engraved Band 2mm",taxable
9895,"Classic Scroll Hand Engraved Band 4mm",taxable
9896,"Cressida Band",none
9897,"Daisy Band",taxable
9898,"Daisy Band",taxable
9899,"Daisy Band",taxable
9900,"Daisy Band",taxable
9901,"Daisy Band",taxable
9902,"Daisy Band",taxable
9903,"Diadem Band",none
9905,"Moon Band",taxable
9906,"Moon Band",taxable
9907,"Moon Band",taxable
9908,"Moon Band",taxable
9909,"Moon Band",taxable
9910,"Moon Band",taxable
9911,"Neptune Band",none
9930,"Orion Band",taxable
9931,"Orion Band",taxable
9932,"Orion Band",taxable
9933,"Orion Band",taxable
9934,"Orion Band",taxable
9935,"Orion Band",taxable
9938,"Standard Band 1.5mm",taxable
9939,"Standard Band 2mm",taxable
9940,"Standard 3-Sided Leaf Hand Engraved Band 2mm",taxable
9947,"Standard Band 4mm",taxable
9948,"Standard with Diamonds Band 4mm",taxable
9949,"Standard Band 5mm",taxable
9950,"Standard with Diamonds Band 5mm",taxable
9951,"Standard Band 6mm",taxable
9952,"Standard Hammered Band 1.5mm",taxable
9953,"Standard Hammered Band 2mm",taxable
9956,"Standard Hammered Band 5mm",taxable
9957,"Standard Hammered Band 6mm",taxable
9959,"Standard Hammered Rustic Band 6mm",taxable
9960,"Standard Hammered Rustic Band 5mm",taxable
9963,"Sunshine Band",taxable
9964,"Sunshine Band",taxable
9965,"Sunshine Band",taxable
9966,"Sunshine Band",taxable
9967,"Sunshine Band",taxable
9968,"Sunshine Band",taxable
9970,"Triton Band",taxable
9971,"Triton Band",taxable
9972,"Triton Band",taxable
9973,"Triton Band",taxable
9974,"Twist Band",taxable
9975,"Twist Band",taxable
9976,"Twist Band",taxable
9977,"Twist Band",taxable
9978,"Twist Band",taxable
9979,"Twist Band",taxable
9980,"Violet Band",taxable
9981,"Violet Band",taxable
9982,"Violet Band",taxable
9983,"Violet Band",taxable
9984,"Violet Band",taxable
9985,"Violet Band",taxable
9987,"Wheat Band 2mm",none
9989,"Wheat Band 3mm",taxable
9990,"Wheat Band 3mm",taxable
9991,"Wheat Band 3mm",taxable
9992,"Wheat Band 3mm",taxable
9993,"Wheat Band 3mm",taxable
9994,"Wheat Band 3mm",taxable
9996,"Wheat Band 4mm",taxable
9997,"Wheat Band 4mm",taxable
9998,"Wheat Band 4mm",taxable
9999,"Wheat Band 4mm",taxable
10000,"Wheat Band 4mm",taxable
10001,"Wheat Band 4mm",taxable
10003,"Wheat Band 5mm",none
10008,"Plumeria Band",taxable
10009,"Plumeria Band",taxable
10010,"Plumeria Band",taxable
10011,"Plumeria Band",taxable
10012,"Plumeria Band",taxable
10013,"Plumeria Band",taxable
10015,"Diamond in the Rough Ring",taxable
10017,"Linear Ring with Teal Sapphires",taxable
10018,"Linear Ring with Teal Sapphires",taxable
10019,"Linear Ring with Teal Sapphires",taxable
10020,"Linear Ring with Teal Sapphires",taxable
10022,"Turquoise Bubble Ring",taxable
10023,"Turquoise Bubble Ring",taxable
10024,"Turquoise Bubble Ring",taxable
10025,"Turquoise Bubble Ring",taxable
10035,"Claw Studs",taxable
10036,"Claw Studs",taxable
10037,"Claw Studs",taxable
10044,"Diamond in the Rough Ring",taxable
10045,"Diamond in the Rough Ring",taxable
10046,"Linear Ring with Teal Sapphires",taxable
10047,"Linear Ring with Teal Sapphires",taxable
10048,"Linear Ring with Teal Sapphires",taxable
10049,"Linear Ring with Teal Sapphires",taxable
10050,"Luna Diamond Ring",taxable
10051,"Luna Diamond Ring",taxable
10052,"Luna Diamond Ring",taxable
10053,"Luna Ring",taxable
10054,"Luna Ring",taxable
10055,"Ruby Crossover Ring",taxable
10056,"Ruby Crossover Ring",taxable
10057,"Ruby Crossover Ring",taxable
10058,"Sunset Ring",taxable
10059,"Sunset Ring",taxable
10060,"Sunset Diamond Ring",taxable
10061,"Sunset Diamond Ring",taxable
10062,"Sunset Diamond Ring",taxable
10063,"Turquoise Bubble Ring",taxable
10064,"Turquoise Bubble Ring",taxable
10065,"Turquoise Bubble Ring",taxable
10066,"Turquoise Bubble Ring",taxable
10067,".2ctw Diamond Martini Studs",taxable
10068,".2ctw Diamond Martini Studs",taxable
10069,".2ctw Diamond Martini Studs",taxable
10070,".3ctw Diamond Martini Studs",taxable
10071,".3ctw Diamond Martini Studs",taxable
10072,".3ctw Diamond Martini Studs",taxable
10073,"Teal Sapphire Martini Studs",taxable
10074,"Teal Sapphire Martini Studs",taxable
10075,"Teal Sapphire Martini Studs",taxable
10076,"Green Sapphire Martini Studs",taxable
10077,"Green Sapphire Martini Studs",taxable
10078,"Green Sapphire Martini Studs",taxable
10079,".5ctw Diamond Martini Studs",taxable
10080,".5ctw Diamond Martini Studs",taxable
10081,".5ctw Diamond Martini Studs",taxable
10082,"1.0ctw Lab Grown Diamond Martini Studs",taxable
10083,"1.0ctw Lab Grown Diamond Martini Studs",taxable
10084,"1.0ctw Lab Grown Diamond Martini Studs",taxable
10085,"2.0ctw Lab Grown Diamond Martini Studs",taxable
10086,"2.0ctw Lab Grown Diamond Martini Studs",taxable
10087,"2.0ctw Lab Grown Diamond Martini Studs",taxable
10088,"2.6ctw Lab Grown Diamond Martini Studs",taxable
10089,"2.6ctw Lab Grown Diamond Martini Studs",taxable
10090,"2.6ctw Lab Grown Diamond Martini Studs",taxable
10091,"Turquoise Bubble Studs",taxable
10092,"Turquoise Bubble Studs",taxable
10093,"Turquoise Bubble Studs",taxable
10094,"Claw Diamond Studs",taxable
10095,"Claw Diamond Studs",taxable
10096,"Claw Diamond Studs",taxable
10097,"Chalcedony Dagger Studs",taxable
10098,"Chalcedony Dagger Studs",taxable
10099,"Chalcedony Dagger Studs",taxable
10102,"Diamond in the Rough Studs",taxable
10103,"Diamond in the Rough Studs",taxable
10104,"Door Knockers with Malachite",taxable
10105,"Door Knockers with Malachite",taxable
10106,"Door Knockers with Malachite",taxable
10107,"Door Knockers with Sunstone",taxable
10108,"Door Knockers with Sunstone",taxable
10109,"Door Knockers with Sunstone",taxable
10110,"Moss Agate Hex Studs",taxable
10111,"Moss Agate Hex Studs",taxable
10112,"Moss Agate Hex Studs",taxable
10113,"Rutilated Quartz Hex Studs",taxable
10114,"Rutilated Quartz Hex Studs",taxable
10115,"Rutilated Quartz Hex Studs",taxable
10116,"Turquoise Hex Studs",taxable
10117,"Turquoise Hex Studs",taxable
10118,"Turquoise Hex Studs",taxable
10119,"Huggie Hoops Large",taxable
10120,"Huggie Hoops Large",taxable
10121,"Huggie Hoops Large",taxable
10122,"Huggie Hoops Medium",taxable
10123,"Huggie Hoops Medium",taxable
10124,"Huggie Hoops Medium",taxable
10126,"Huggie Hoops Small",taxable
10127,"Huggie Hoops Small",taxable
10128,"Huggie Hoops Small",taxable
10130,"Mabe Pearl Studs",taxable
10131,"Mabe Pearl Studs",taxable
10132,"Mabe Pearl Studs",taxable
10135,"My Aura is Gold and Diamonds Studs",taxable
10136,"My Aura is Gold and Diamonds Studs",taxable
10137,"My Aura is Gold and Diamonds Studs",taxable
10138,"Stardust Dangle Jackets Long",taxable
10139,"Stardust Dangle Jackets Long",taxable
10140,"Stardust Dangle Jackets Long",taxable
10141,"Stardust Dangle Jackets Short",taxable
10142,"Stardust Dangle Jackets Short",taxable
10143,"Stardust Dangle Jackets Short",taxable
10144,"Linear Studs with Teal Sapphires",taxable
10145,"Linear Studs with Teal Sapphires",taxable
10146,"Linear Studs with Teal Sapphires",taxable
10147,"Trio Studs",taxable
10148,"Trio Studs",taxable
10149,"Trio Studs",taxable
10165,"Aura Ring",taxable
10166,"Aurelia Solitaire Ring",none
10167,"Aurelia Solitaire Ring",none
10168,"Aurelia Solitaire Ring",none
10169,"Aurelia Solitaire Ring",none
10170,"Aurelia Bezel Solitaire Ring",none
10199,"Dawn Ring",none
10200,"Dawn Ring",none
10201,"Dawn Ring",none
10202,"Dawn Ring",none
10216,"Gardenia Ring",none
10217,"Gardenia Ring",none
10218,"Gardenia Ring",none
10219,"Gardenia Ring",none
10220,"Gather Ring",none
10222,"Gather Ring",none
10223,"Gather Ring",none
10224,"Hague Ring",none
10225,"Hague Ring",none
10226,"Hague Ring",none
10227,"Hague Ring",none
10228,"June Ring",none
10229,"June Ring",none
10230,"June Ring",none
10231,"June Ring",none
10232,"Orpheus Ring",none
10233,"Orpheus Ring",none
10234,"Orpheus Ring",none
10235,"Orpheus Ring",none
10236,"Orpheus Ring",none
10237,"Orpheus Ring",none
10238,"Orpheus Ring",none
10239,"Orpheus Ring",none
10240,"Peacock Feather Ring",none
10241,"Peacock Feather Ring",none
10242,"Peacock Feather Ring",none
10243,"Peacock Feather Ring",none
10247,"Petal Ring",none
10248,"Rosalyn Ring",none
10249,"Rosalyn Ring",none
10250,"Rosalyn Ring",none
10251,"Rosalyn Ring",none
10252,"Signet Ring",none
10253,"Signet Ring",none
10254,"Signet Ring",none
10255,"Signet Ring",none
10256,"Space and Time Parallel Ring",none
10257,"Space and Time Parallel Ring",none
10258,"Space and Time Parallel Ring",none
10259,"Space and Time Parallel Ring",none
10260,"Space and Time Toi Et Moi Ring",none
10261,"Space and Time Toi Et Moi Ring",none
10262,"Space and Time Toi Et Moi Ring",none
10263,"Space and Time Toi Et Moi Ring",none
10264,"Spiral Staircase Ring",none
10265,"Spiral Staircase Ring",none
10266,"Spiral Staircase Ring",none
10267,"Spiral Staircase Ring",none
10268,"Syzygy Ring",none
10269,"Syzygy Ring",none
10270,"Syzygy Ring",none
10271,"Syzygy Ring",none
10272,"Wheat Ring",none
10273,"Wheat Ring",none
10274,"Wheat Ring",none
10275,"Wheat Ring",none
10276,"5 Stone Diamond Capsule Necklace",taxable
10277,"5 Stone Diamond Capsule Necklace",taxable
10278,"5 Stone Diamond Capsule Necklace",taxable
10279,"5 Stone Dusk Capsule Necklace",taxable
10280,"5 Stone Dusk Capsule Necklace",taxable
10281,"5 Stone Dusk Capsule Necklace",taxable
10283,"5 Stone Land and Sea Capsule Necklace",taxable
10284,"5 Stone Land and Sea Capsule Necklace",taxable
10285,"5 Stone Land and Sea Capsule Necklace",taxable
10286,"5 Stone Oceans Capsule Necklace",taxable
10287,"5 Stone Oceans Capsule Necklace",taxable
10288,"5 Stone Oceans Capsule Necklace",taxable
10289,"Rutilated Quartz Hex Necklace",taxable
10295,"My Aura is Gold and Diamonds with a Montana Sapphire Necklace",taxable
10297,"Single Diamond Capsule Necklace",taxable
10298,"Single Diamond Capsule Necklace",taxable
10299,"Single Diamond Capsule Necklace",taxable
10302,"Australis Crown Band",none
10303,"Australis Crown Band",none
10304,"Australis Crown Band",none
10305,"Australis Crown Band",none
10306,"Borealis Crown Band",none
10307,"Borealis Crown Band",none
10308,"Borealis Crown Band",none
10309,"Borealis Crown Band",none
10310,"Burnished Diamond Band",taxable
10311,"Burnished Diamond Band",taxable
10312,"Burnished Diamond Band",taxable
10313,"Burnished Diamond Band",taxable
10314,"Deep Chevron Diamond Band",none
10315,"Deep Chevron Diamond Band",none
10316,"Deep Chevron Diamond Band",none
10317,"Deep Chevron Diamond Band",none
10318,"Chevron Knife Edge Band",none
10319,"Chevron Knife Edge Band",none
10320,"Chevron Knife Edge Band",none
10321,"Chevron Knife Edge Band",none
10322,"Classic Band 2mm",taxable
10323,"Classic Band 2mm",taxable
10324,"Classic Band 2mm",taxable
10325,"Classic Band 2mm",taxable
10326,"Classic Band 2mm",taxable
10327,"Classic Band 3mm",taxable
10328,"Classic Band 3mm",taxable
10329,"Classic Band 3mm",taxable
10330,"Classic Band 3mm",taxable
10331,"Classic Band 4mm",taxable
10332,"Classic Band 4mm",taxable
10333,"Classic Band 4mm",taxable
10334,"Classic Band 4mm",taxable
10335,"Classic Band 5mm",taxable
10336,"Classic Band 5mm",taxable
10337,"Classic Band 5mm",taxable
10338,"Classic Band 5mm",taxable
10339,"Classic Band 6mm",taxable
10340,"Classic Band 6mm",taxable
10341,"Classic Band 6mm",taxable
10342,"Classic Band 6mm",taxable
10343,"Classic Scroll Hand Engraved Band 2mm",taxable
10344,"Classic Scroll Hand Engraved Band 2mm",taxable
10345,"Classic Scroll Hand Engraved Band 2mm",taxable
10346,"Classic Scroll Hand Engraved Band 2mm",taxable
10352,"Classic Scroll Hand Engraved Band 4mm",taxable
10353,"Classic Scroll Hand Engraved Band 4mm",taxable
10354,"Classic Scroll Hand Engraved Band 4mm",taxable
10355,"Comet Tail Band",none
10356,"Comet Tail Band",none
10357,"Comet Tail Band",none
10358,"Comet Tail Band",none
10359,"Crescent Crown Diamond Eternity Band",none
10360,"Crescent Crown Diamond Eternity Band",none
10361,"Crescent Crown Diamond Eternity Band",none
10362,"Crescent Crown Diamond Eternity Band",none
10363,"Crescent Crown Half Diamond Eternity Band",none
10364,"Crescent Crown Half Diamond Eternity Band",none
10365,"Crescent Crown Half Diamond Eternity Band",none
10366,"Crescent Crown Half Diamond Eternity Band",none
10367,"Cressida Band",none
10368,"Cressida Band",none
10369,"Cressida Band",none
10370,"Cressida Band",none
10371,"Daisy Band",taxable
10372,"Daisy Band",taxable
10373,"Daisy Band",taxable
10374,"Daisy Band",taxable
10375,"Diadem Band",none
10376,"Diadem Band",none
10377,"Diadem Band",none
10378,"Diadem Band",none
10379,"Diamond Eternity Band 1.3mm",none
10380,"Diamond Eternity Band 1.3mm",none
10381,"Diamond Eternity Band 1.3mm",none
10382,"Diamond Eternity Band 1.3mm",none
10383,"Twig Pave Diamond Band",none
10384,"Twig Pave Diamond Band",none
10385,"Twig Pave Diamond Band",none
10386,"Twig Pave Diamond Band",none
10387,"Twist Band",taxable
10388,"Twist Band",taxable
10389,"Twist Band",taxable
10390,"Twist Band",taxable
10391,"Violet Band",taxable
10392,"Violet Band",taxable
10393,"Violet Band",taxable
10394,"Violet Band",taxable
10397,"Diamond Eternity Band 1.8mm",none
10398,"Diamond Eternity Band 1.8mm",none
10399,"Diamond Eternity Band 1.8mm",none
10400,"Diamond Eternity Band 1.8mm",none
10401,"Diamond Eternity Band 2.2mm",taxable
10402,"Diamond Eternity Band 2.2mm",taxable
10403,"Diamond Eternity Band 2.2mm",taxable
10404,"Diamond Eternity Band 2.2mm",taxable
10405,"Diamond Eternity Band 2.8mm",none
10406,"Diamond Eternity Band 2.8mm",none
10407,"Diamond Eternity Band 2.8mm",none
10408,"Diamond Eternity Band 2.8mm",none
10409,"Diamond Eternity Band 3.2mm",none
10410,"Diamond Eternity Band 3.2mm",none
10411,"Diamond Eternity Band 3.2mm",none
10412,"Diamond Eternity Band 3.2mm",none
10413,"Diamond Eternity Band 3.8mm",none
10414,"Diamond Eternity Band 3.8mm",none
10415,"Diamond Eternity Band 3.8mm",none
10416,"Diamond Eternity Band 3.8mm",none
10417,"Driftwood Diamond Band",none
10418,"Driftwood Diamond Band",none
10419,"Driftwood Diamond Band",none
10420,"Driftwood Diamond Band",none
10421,"Milgrained Bezel Diamond Eternity Band",none
10422,"Milgrained Bezel Diamond Eternity Band",none
10423,"Milgrained Bezel Diamond Eternity Band",none
10424,"Milgrained Bezel Diamond Eternity Band",none
10425,"Moon Band",taxable
10426,"Moon Band",taxable
10427,"Moon Band",taxable
10428,"Moon Band",taxable
10429,"Neptune Band",none
10430,"Neptune Band",none
10431,"Neptune Band",none
10432,"Neptune Band",none
10433,"Oceans Band",none
10434,"Oceans Band",none
10435,"Oceans Band",none
10436,"Oceans Band",none
10451,"Orion Band",taxable
10452,"Orion Band",taxable
10453,"Orion Band",taxable
10454,"Orion Band",taxable
10465,"Palm Band",taxable
10466,"Palm Band",taxable
10467,"Palm Band",taxable
10468,"Palm Band",taxable
10469,"Plumeria Band",taxable
10470,"Plumeria Band",taxable
10471,"Plumeria Band",taxable
10472,"Plumeria Band",taxable
10473,"Space and Time Parallel Eternity Band",taxable
10474,"Space and Time Parallel Eternity Band",taxable
10475,"Space and Time Parallel Eternity Band",taxable
10476,"Space and Time Parallel Eternity Band",taxable
10477,"Space and Time Single Full Eternity Band",none
10478,"Space and Time Single Full Eternity Band",none
10479,"Space and Time Single Full Eternity Band",none
10480,"Space and Time Single Full Eternity Band",none
10481,"Space and Time Single Half Eternity Band",none
10482,"Space and Time Single Half Eternity Band",none
10483,"Space and Time Single Half Eternity Band",none
10484,"Space and Time Single Half Eternity Band",none
10485,"Standard Band 1.5mm",taxable
10486,"Standard Band 1.5mm",taxable
10487,"Standard Band 1.5mm",taxable
10488,"Standard Band 1.5mm",taxable
10489,"Twig Scattered Diamond Band",none
10490,"Twig Scattered Diamond Band",none
10491,"Twig Scattered Diamond Band",none
10492,"Twig Scattered Diamond Band",none
10494,"Wheat Band 2mm",none
10495,"Wheat Band 2mm",none
10496,"Wheat Band 2mm",none
10497,"Wheat Band 2mm",none
10498,"Wheat Band 3mm",taxable
10499,"Wheat Band 3mm",taxable
10500,"Wheat Band 3mm",taxable
10501,"Wheat Band 3mm",taxable
10502,"Wheat Band 4mm",taxable
10503,"Wheat Band 4mm",taxable
10504,"Wheat Band 4mm",taxable
10505,"Wheat Band 4mm",taxable
10506,"Wheat Band 5mm",none
10507,"Wheat Band 5mm",none
10508,"Wheat Band 5mm",none
10509,"Wheat Band 5mm",none
10510,"Wheat Band 6mm",none
10511,"Wheat Band 6mm",none
10512,"Wheat Band 6mm",none
10513,"Wheat Band 6mm",none
10514,"Wheat Burnished Diamond Band",none
10515,"Wheat Burnished Diamond Band",none
10516,"Wheat Burnished Diamond Band",none
10517,"Wheat Burnished Diamond Band",none
10518,"Wheat Pave Diamond Band",taxable
10519,"Wheat Pave Diamond Band",taxable
10520,"Wheat Pave Diamond Band",taxable
10521,"Wheat Pave Diamond Band",taxable
10522,"Triton Band",taxable
10523,"Triton Band",taxable
10524,"Triton Band",taxable
10525,"Triton Band",taxable
10530,"Sunshine Band",taxable
10531,"Sunshine Band",taxable
10532,"Sunshine Band",taxable
10533,"Sunshine Band",taxable
10534,"Standard Hammered Rustic Band 6mm",taxable
10535,"Standard Hammered Rustic Band 6mm",taxable
10536,"Standard Hammered Rustic Band 6mm",taxable
10537,"Standard Hammered Rustic Band 6mm",taxable
10538,"Standard Hammered Rustic Band 5mm",taxable
10539,"Standard Hammered Rustic Band 5mm",taxable
10540,"Standard Hammered Rustic Band 5mm",taxable
10541,"Standard Hammered Rustic Band 5mm",taxable
10549,"Standard Hammered Band 6mm",taxable
10550,"Standard Hammered Band 6mm",taxable
10551,"Standard Hammered Band 6mm",taxable
10552,"Standard Hammered Band 6mm",taxable
10553,"Standard 3-Sided Leaf Hand Engraved Band 2mm",taxable
10554,"Standard 3-Sided Leaf Hand Engraved Band 2mm",taxable
10555,"Standard 3-Sided Leaf Hand Engraved Band 2mm",taxable
10556,"Standard 3-Sided Leaf Hand Engraved Band 2mm",taxable
10565,"Standard Hammered Band 5mm",taxable
10566,"Standard Hammered Band 5mm",taxable
10567,"Standard Hammered Band 5mm",taxable
10568,"Standard Hammered Band 5mm",taxable
10577,"Standard Hammered Band 2mm",taxable
10578,"Standard Hammered Band 2mm",taxable
10579,"Standard Hammered Band 2mm",taxable
10580,"Standard Hammered Band 2mm",taxable
10581,"Standard Hammered Band 1.5mm",taxable
10582,"Standard Hammered Band 1.5mm",taxable
10583,"Standard Hammered Band 1.5mm",taxable
10584,"Standard Hammered Band 1.5mm",taxable
10585,"Standard Band 6mm",taxable
10586,"Standard Band 6mm",taxable
10587,"Standard Band 6mm",taxable
10588,"Standard Band 6mm",taxable
10589,"Standard with Diamonds Band 5mm",taxable
10590,"Standard with Diamonds Band 5mm",taxable
10591,"Standard with Diamonds Band 5mm",taxable
10592,"Standard with Diamonds Band 5mm",taxable
10593,"Standard Band 5mm",taxable
10594,"Standard Band 5mm",taxable
10595,"Standard Band 5mm",taxable
10596,"Standard Band 5mm",taxable
10597,"Standard Band 4mm",taxable
10598,"Standard Band 4mm",taxable
10599,"Standard Band 4mm",taxable
10600,"Standard Band 4mm",taxable
11488,"Geo Deco Fan Ring",taxable
11492,"Custom Diamond and Sapphire Ring",taxable
11493,"Custom Star Wars Inspired Engagement Ring",taxable
11494,"Custom Celtic and Feather Engagement Ring",taxable
11495,"Custom Rutiliated Quartz Engagement Ring",taxable
11496,"Vintage Inspired Octagon Halo Ring with Blue Sapphire",taxable
11497,"Custom Diamond Cluster Ring",taxable
11498,"Custom Curved Gemstone Twig Ring",taxable
11499,"Custom Elongated Hexagonal Diamond Ring with Sapphires",taxable
11500,"Custom Honeycomb and Twig Wedding Band",taxable
11501,"Oval Shape Halo Ring",taxable
11502,"Custom Peruzzi Engagement Ring",taxable
11503,"Custom Cushion Moissanite Ring",taxable
11504,"Custom Orbit Ring",taxable
11505,"Custom Signet Filigree Ring",taxable
11506,"Custom Oval Diamond and Kite Shape Sapphire Ring",taxable
11507,"Custom Poppy Flower Ring Jacket",taxable
11508,"Custom Pear Shaped Peach Sapphire Halo Ring with Organic Wheat Band",taxable
11509,"Custom Vintage Marquise Diamond Engagement Ring",taxable
11510,"Custom Chevron Engagement Set",taxable
11511,"Custom Pear Shape Sapphire and Diamond Halo Ring",taxable
11512,"East West Marquise Solitaire",taxable
11513,"Star Wars Inspired Three Stone Wedding Band",taxable
11514,"Star Wars Inspired Three Stone Wedding Band",taxable
11515,"Custom Two Toned Wedding Band",taxable
11516,"Custom Opal Peacock ring",taxable
11517,"Custom Oval Diamond and Kite Shaped Sapphire Ring",taxable
11518,"Custom Pear Shaped Diamond Halo Ring",taxable
11519,"Custom Hand Engraved Solitaire Engagement ring",taxable
11520,"Custom Filigree Two Toned Ring",taxable
11521,"Custom Curved Wedding Band",taxable
11522,"Custom Scallop Halo Opal Ring",taxable
11523,"Custom Ocean Wave Band",taxable
11524,"Wide Ocean Wave Band",taxable
11525,"Custom Two Toned Engagement Ring with Bullet Sides",taxable
11526,"Custom Split Shank Engagement Ring",taxable
11527,"Custom Chevron Opal Ring",taxable
11528,"Custom Hand Engraved Sapphire Engagement Ring",taxable
11529,"Custom Five Stone Twig Ring",taxable
11530,"Custom Moon and Stars Rupi Sapphire Ring",taxable
11531,"Custom Matching Hand Engraved Bands",taxable
11532,"Custom Vintage Inspired Cluster Engagement Ring",taxable
11533,"Custom Filigree Ring",taxable
11534,"Custom Colombian Emerald Earrings",taxable
11535,"Round Wheat Band with Milgrain Border",taxable
11536,"Custom Sunstone Cluster Ring",taxable
11537,"Custom Diamond Cluster Engagement Ring",taxable
11538,"Custom Filigree Engagement Solitaire Ring",taxable
11539,"Entwined Sapphire and Moonstone Engagement Ring",taxable
11540,"Custom Double Triangle Engagement Ring",taxable
11541,"Norwegian Rosemaling Inspired Ring",taxable
11542,"Custom Morse Code Wedding Band",taxable
11543,"Custom Ornate Engagement Ring with Flower Details",taxable
11544,"Branch and Leaf Inspired Engagement Ring",taxable
11545,"Custom Split Solitaire Engagement Ring",taxable
11546,"Two Toned Sapphire Wedding Band",taxable
11547,"Twig Style Engagement Set",taxable
11548,"Custom Opal Shield Ring",taxable
11549,"Custom Pyramid Stud Band",taxable
11550,"Marquise Filigree Swirl Ring",taxable
11551,"Custom Sapphire and Diamond Branch Ring",taxable
11552,"Platinum Solitaire Bezel Ring",taxable
11553,"Custom Scallop Style Wedding Band",taxable
11554,"Custom June Ring With Split Band",taxable
11555,"Custom Old Mine Cut Diamond Solitaire",taxable
11556,"Custom Crown Style Wedding Band",taxable
11557,"Wide Sapphire And Diamond Filigree Ring",taxable
11558,"Custom Radiant Cut With Diamond Cluster Side Stones",taxable
11559,"Custom Bouquet Ring",taxable
11560,"Montana Sapphire With Diamond Cluster Side Stones",taxable
11561,"Custom Marquise Diamond Shield Ring",taxable
11562,"Custom Pave Contour Band",taxable
11563,"Custom Contour Bezel Diamond Band",taxable
11564,"Open Diamond Band",taxable
11565,"Custom Aquamarine Shield Halo Ring",taxable
11566,"Sapphire and Opal Triple Halo Ring",taxable
11567,"Asymmetrical Twist Ring",taxable
11568,"Customized Bloom Ring",taxable
11569,"Custom Dome Style Engagement Ring",taxable
11570,"Custom Sunset Pendant with Tycoon Diamond Center",taxable
11571,"Custom Diamond and Sapphire Eureka Ring",taxable
11572,"Diamond Ribbon Twist Band",taxable
11573,"Custom Sapphire Celtic Knot Band",taxable
11574,"Custom Sapphire and Two-Tone Gold Palm Ring",taxable
11575,"Open-water Sapphire Ring",taxable
11576,"Twisting Vine-Inspired Custom Ring",taxable
11577,"Two Stone Diamond and Sapphire Ring",taxable
11578,"Custom Sapphire Crossover Ring",taxable
11579,"GeoCut Leaf and Twig Ring",taxable
11580,"Moissanite and Sapphire Bypass Ring",taxable
11581,"Custom Two Stone Wave Ring",taxable
11582,"Custom White Gold and Sapphire Ring with Parti-Colored Montana Sapphire",taxable
11583,"Custom Two Stone Sapphire Twist Ring With a Bezel Set Diamond",taxable
11584,"Custom Sapphire and Graduating Diamond Baguette Ring",taxable
11585,"Scattered Diamond and Sapphire Contour Band",taxable
11586,"Organic Three Stone Band",taxable
11587,"Amethyst and Diamond Cluster Necklace",taxable
11588,"Custom Sapphire Hand Engraved Ring",taxable
11589,"Custom Sapphire and Leaf-Inspired Engagement Ring",taxable
11590,"Diamond Baguette and Hidden Halo Ring",taxable
11591,"Custom Sapphire and Diamond Bezel Ring",taxable
11592,"Custom Faceted Sapphire Ring",taxable
11593,"Custom Diamond Leaves Ring",taxable
11594,"6.29ct Australian Opal Ring With Hidden Diamond Halo",taxable
11595,"Sapphire Wave Ring",taxable
11596,"Burnished Sapphire And Diamond Band",taxable
11597,"Custom Opal Cloud And Wheat Ring",taxable
11598,"Custom Diamond Hammered Band",taxable
11599,"Blooming Sapphire And Diamond Twist Ring",taxable
11600,"Custom Colorful Contour Band",taxable
11601,"Custom Floral Morganite Ring",taxable
11602,"Double Deep Chevron Diamond Ring",taxable
11603,"Custom Aura Halo And Driftwood Ring",taxable
11604,"Custom Hand Engraved Hague Ring",taxable
11605,"Vintage Inspired Leaf Engagement Ring",taxable
11606,"Custom Three Stone Sapphire Ring With Kite Diamonds",taxable
11607,"Custom Three Stone Engagement Ring With Triangle Diamond Side Stones",taxable
11608,"Fish Eagle Wave Pendant",taxable
11609,"Custom Trillion Sunburst Ring",taxable
11610,"Geo Deco Fan Ring",taxable
11611,"Double Band Two-Stone Engagement Ring",taxable
11612,"Sapphire Halo Constellation Ring",taxable
11739,"Angled Halo Ring",none
11740,"Angled Halo Ring",none
11741,"Angled Halo Ring",none
11742,"Angled Halo Ring",none
11743,"Angled Halo Ring",none
11744,"Apollo Ring",none
11745,"Apollo Ring",none
11746,"Apollo Ring",none
11747,"Apollo Ring",none
11748,"Artemis Ring",none
11749,"Artemis Ring",none
11750,"Artemis Ring",none
11751,"Artemis Ring",none
11752,"Aura Ring",none
11753,"Aura Ring",none
11755,"Aura Ring",none
11756,"Aura Ring",none
11758,"Aurelia Bezel Solitaire Ring",none
11759,"Aurelia Bezel Solitaire Ring",none
11760,"Aurelia Bezel Solitaire Ring",none
11765,"Aurelia Three Stone with Diamonds Ring",none
11766,"Aurelia Three Stone with Diamonds Ring",none
11767,"Aurelia Three Stone with Diamonds Ring",none
11768,"Aurelia Three Stone with Diamonds Ring",none
11769,"Aurelia Three Stone with Sapphires Ring",none
11770,"Aurelia Three Stone with Sapphires Ring",none
11771,"Aurelia Three Stone with Sapphires Ring",none
11772,"Aurelia Three Stone with Sapphires Ring",none
11780,"Bloom Ring",none
11781,"Bloom Ring",none
11782,"Bloom Ring",none
11783,"Bloom Ring",none
11788,"Bow Ring",none
11789,"Bow Ring",none
11790,"Bow Ring",none
11791,"Bow Ring",none
11796,"Buttercup Ring",none
11797,"Buttercup Ring",none
11798,"Buttercup Ring",none
11799,"Buttercup Ring",none
11846,"Classic Scroll Hand Engraved Band 4mm",none
11854,"Claw Studs",none
11858,"Cloud Ring",none
11859,"Cloud Ring",none
11860,"Cloud Ring",none
11861,"Cloud Ring",none
11924,"Diamond in the Rough Ring",none
11927,"Diamond in the Rough Studs",none
11958,"Gather Ring",none
11978,"Linear Ring with Teal Sapphires",none
11982,"Look at the Moon Necklace",none
11983,"Look at the Moon Necklace",none
11987,"Luna Ring",none
12010,"My Aura is Gold and Diamonds with a Montana Sapphire Necklace",none
12046,"Palm Band",none
12054,"Petal Ring",none
12055,"Petal Ring",none
12057,"Petal Ring",none
12069,"Rutilated Quartz Hex Necklace",none
12210,"Sunset Ring",none
12230,"Turquoise Bubble Ring",none
12282,"Wheat Pave Diamond Band",none
12372,"Freeform Mabe Pearl Necklace",taxable
12460,"Triton Band",taxable
13639,"1.60ct Old European Cut Diamond",none
13647,"1.06ct Old European Cut Diamond",none
13655,"1.01ct Oval Diamond",none
13659,"3.60ct Oval Diamond",none
13745,"Turquoise Bubble Ring",none
13746,"Turquoise Bubble Ring",none
13747,"Turquoise Bubble Ring",none
13748,"Turquoise Bubble Ring",none
13749,"Turquoise Bubble Ring",none
13750,"Turquoise Bubble Ring",none
13751,"Turquoise Bubble Ring",none
13752,"Turquoise Bubble Ring",none
13753,"Turquoise Bubble Ring",none
13754,"Turquoise Bubble Ring",none
13755,"Turquoise Bubble Ring",none
13756,"Turquoise Bubble Ring",none
13757,"Turquoise Bubble Ring",none
13758,"Turquoise Bubble Ring",none
13759,"Turquoise Bubble Ring",none
13760,"Turquoise Bubble Ring",none
13761,"Turquoise Bubble Ring",none
13762,"Turquoise Bubble Ring",none
13763,"Turquoise Bubble Ring",none
13764,"Turquoise Bubble Ring",none
13765,"Turquoise Bubble Ring",none
13766,"Turquoise Bubble Ring",none
13767,"Turquoise Bubble Ring",none
13768,"Turquoise Bubble Ring",none
13769,"Turquoise Bubble Ring",none
13770,"Turquoise Bubble Ring",none
13771,"Turquoise Bubble Ring",none
13772,"Turquoise Bubble Ring",none
13773,"Turquoise Bubble Ring",none
13774,"Turquoise Bubble Ring",none
13775,"Turquoise Bubble Ring",none
13776,"Turquoise Bubble Ring",none
13777,"Turquoise Bubble Ring",none
13778,"Turquoise Bubble Ring",none
13779,"Turquoise Bubble Ring",none
13780,"Turquoise Bubble Ring",none
13781,"Turquoise Bubble Ring",none
13782,"Dawn Ring",taxable
13783,"Gardenia Ring",taxable
13784,"Rosalyn Ring",taxable
13785,"Standard Band 2mm",taxable
13786,"Standard Band 2mm",taxable
13787,"Standard Band 2mm",taxable
13788,"Standard with Diamonds Band 4mm",taxable
13789,"Standard with Diamonds Band 4mm",taxable
13790,"Standard with Diamonds Band 4mm",taxable
13791,"Standard with Diamonds Band 4mm",taxable
13792,"Sapphire Hex Studs",taxable
13793,"Sapphire Hex Studs",taxable
13794,"Sapphire Hex Studs",taxable
13795,"Diamond in the Rough Diamond Ring",none
13796,"Diamond in the Rough Diamond Ring",none
13797,"Diamond in the Rough Diamond Ring",none
13798,"Diamond in the Rough Diamond Ring",none
13799,"Diamond in the Rough Diamond Ring",none
13800,"Diamond in the Rough Diamond Ring",none
13801,"Diamond in the Rough Diamond Ring",none
13802,"Diamond in the Rough Diamond Ring",none
13803,"Diamond in the Rough Diamond Ring",none
13804,"Diamond in the Rough Diamond Ring",none
13805,"Diamond in the Rough Diamond Ring",none
13806,"Diamond in the Rough Diamond Ring",none
13807,"Diamond in the Rough Diamond Ring",none
13808,"Diamond in the Rough Diamond Ring",none
13809,"Diamond in the Rough Diamond Ring",none
13810,"Diamond in the Rough Diamond Ring",none
13811,"Diamond in the Rough Diamond Ring",none
13812,"Diamond in the Rough Diamond Ring",none
13813,"Diamond in the Rough Diamond Ring",none
13814,"Diamond in the Rough Diamond Ring",none
13815,"Diamond in the Rough Diamond Ring",none
13816,"Diamond in the Rough Diamond Ring",none
13817,"Diamond in the Rough Diamond Ring",none
13818,"Diamond in the Rough Diamond Ring",none
13819,"Diamond in the Rough Diamond Ring",none
13820,"Diamond in the Rough Diamond Ring",none
13821,"Diamond in the Rough Diamond Ring",none
13822,"Diamond in the Rough Diamond Ring",none
13823,"Diamond in the Rough Diamond Ring",none
13824,"Diamond in the Rough Diamond Ring",none
13825,"Diamond in the Rough Diamond Ring",none
13826,"Diamond in the Rough Diamond Ring",none
13827,"Diamond in the Rough Diamond Ring",none
13828,"Diamond in the Rough Diamond Ring",none
13829,"Diamond in the Rough Diamond Ring",none
13830,"Diamond in the Rough Diamond Ring",none
13831,"Diamond in the Rough Diamond Ring",none
13832,"Diamond in the Rough Diamond Ring",none
13833,"Diamond in the Rough Diamond Ring",none
13834,"Diamond in the Rough Diamond Ring",none
13835,"Diamond in the Rough Diamond Ring",none
13836,"Diamond in the Rough Diamond Ring",none
13837,"Diamond in the Rough Diamond Ring",none
13838,"Diamond in the Rough Diamond Ring",none
13839,"Diamond in the Rough Diamond Ring",none
13840,"Diamond in the Rough Diamond Ring",none
13841,"Diamond in the Rough Diamond Ring",none
13842,"Diamond in the Rough Diamond Ring",none
13843,"Diamond in the Rough Diamond Ring",none
13844,"Diamond in the Rough Diamond Ring",none
13845,"Diamond in the Rough Diamond Ring",none
13846,"Diamond in the Rough Diamond Ring",none
13847,"Diamond in the Rough Diamond Ring",none
13848,"Diamond in the Rough Diamond Ring",none
13849,"Diamond in the Rough Diamond Ring",none
13850,"Diamond in the Rough Diamond Ring",none
13851,"Diamond in the Rough Diamond Ring",none
13852,"Diamond in the Rough Diamond Ring",none
13853,"Diamond in the Rough Diamond Ring",none
13854,"Diamond in the Rough Diamond Ring",none
13855,"Diamond in the Rough Diamond Ring",none
13856,"Diamond in the Rough Diamond Ring",none
13857,"Diamond in the Rough Diamond Ring",none
13858,"Diamond in the Rough Diamond Ring",none
13859,"Diamond in the Rough Diamond Ring",none
13860,"Diamond in the Rough Diamond Ring",none
13861,"Diamond in the Rough Diamond Ring",none
13862,"Diamond in the Rough Diamond Ring",none
13863,"Diamond in the Rough Diamond Ring",none
13864,"Diamond in the Rough Diamond Ring",none
13865,"Diamond in the Rough Diamond Ring",none
13866,"Diamond in the Rough Diamond Ring",none
13867,"Diamond in the Rough Diamond Ring",none
13868,"Diamond in the Rough Diamond Ring",none
13869,"Diamond in the Rough Diamond Ring",none
13870,"Diamond in the Rough Diamond Ring",none
13871,"Diamond in the Rough Diamond Ring",none
13872,"Diamond in the Rough Diamond Ring",none
13873,"Diamond in the Rough Diamond Ring",none
13874,"Diamond in the Rough Diamond Ring",none
13875,"Diamond in the Rough Diamond Ring",none
13876,"Diamond in the Rough Diamond Ring",none
13877,"Diamond in the Rough Diamond Ring",none
13878,"Diamond in the Rough Diamond Ring",none
13879,"Diamond in the Rough Diamond Ring",none
13880,"Diamond in the Rough Diamond Ring",none
13881,"Diamond in the Rough Diamond Ring",none
13882,"Diamond in the Rough Diamond Ring",none
13883,"Diamond in the Rough Diamond Ring",none
13884,"Diamond in the Rough Diamond Ring",none
13885,"Diamond in the Rough Diamond Ring",none
13886,"Diamond in the Rough Diamond Ring",none
13887,"Diamond in the Rough Diamond Ring",none
13888,"Diamond in the Rough Diamond Ring",none
13889,"Diamond in the Rough Diamond Ring",none
13890,"Diamond in the Rough Diamond Ring",none
13891,"Diamond in the Rough Diamond Ring",none
13892,"Diamond in the Rough Diamond Ring",none
13893,"Diamond in the Rough Diamond Ring",none
13894,"Diamond in the Rough Diamond Ring",none
13895,"Diamond in the Rough Diamond Ring",none
13896,"Diamond in the Rough Diamond Ring",none
13897,"Diamond in the Rough Diamond Ring",none
13898,"Diamond in the Rough Diamond Ring",none
13899,"Diamond in the Rough Diamond Ring",none
13900,"Diamond in the Rough Diamond Ring",none
13901,"Diamond in the Rough Diamond Ring",none
13902,"Diamond in the Rough Diamond Ring",none
13903,"Diamond in the Rough Diamond Ring",none
13904,"Diamond in the Rough Diamond Ring",none
13905,"Diamond in the Rough Diamond Ring",none
13906,"Diamond in the Rough Diamond Ring",none
13907,"Diamond in the Rough Ring",none
13908,"Diamond in the Rough Ring",none
13909,"Diamond in the Rough Ring",none
13910,"Diamond in the Rough Ring",none
13911,"Diamond in the Rough Ring",none
13912,"Diamond in the Rough Ring",none
13913,"Diamond in the Rough Ring",none
13914,"Diamond in the Rough Ring",none
13915,"Diamond in the Rough Ring",none
13916,"Diamond in the Rough Ring",none
13917,"Diamond in the Rough Ring",none
13918,"Diamond in the Rough Ring",none
13919,"Diamond in the Rough Ring",none
13920,"Diamond in the Rough Ring",none
13921,"Diamond in the Rough Ring",none
13922,"Diamond in the Rough Ring",none
13923,"Diamond in the Rough Ring",none
13924,"Diamond in the Rough Ring",none
13925,"Diamond in the Rough Ring",none
13926,"Diamond in the Rough Ring",none
13927,"Diamond in the Rough Ring",none
13928,"Diamond in the Rough Ring",none
13929,"Diamond in the Rough Ring",none
13930,"Diamond in the Rough Ring",none
13931,"Diamond in the Rough Ring",none
13932,"Diamond in the Rough Ring",none
13933,"Diamond in the Rough Ring",none
13934,"Diamond in the Rough Ring",none
13935,"Diamond in the Rough Ring",none
13936,"Diamond in the Rough Ring",none
13937,"Diamond in the Rough Ring",none
13938,"Diamond in the Rough Ring",none
13939,"Diamond in the Rough Ring",none
13940,"Diamond in the Rough Ring",none
13941,"Diamond in the Rough Ring",none
13942,"Diamond in the Rough Ring",none
13943,"Diamond in the Rough Ring",none
13944,"Diamond in the Rough Ring",none
13945,"Diamond in the Rough Ring",none
13946,"Diamond in the Rough Ring",none
13947,"Diamond in the Rough Ring",none
13948,"Diamond in the Rough Ring",none
13949,"Diamond in the Rough Ring",none
13950,"Diamond in the Rough Ring",none
13951,"Diamond in the Rough Ring",none
13952,"Diamond in the Rough Ring",none
13953,"Diamond in the Rough Ring",none
13954,"Diamond in the Rough Ring",none
13955,"Diamond in the Rough Ring",none
13956,"Diamond in the Rough Ring",none
13957,"Diamond in the Rough Ring",none
13958,"Diamond in the Rough Ring",none
13959,"Diamond in the Rough Ring",none
13960,"Diamond in the Rough Ring",none
13961,"Diamond in the Rough Ring",none
13962,"Diamond in the Rough Ring",none
13963,"Diamond in the Rough Ring",none
13964,"Diamond in the Rough Ring",none
13965,"Diamond in the Rough Ring",none
13966,"Diamond in the Rough Ring",none
13967,"Diamond in the Rough Ring",none
13968,"Diamond in the Rough Ring",none
13969,"Diamond in the Rough Ring",none
13970,"Diamond in the Rough Ring",none
13971,"Diamond in the Rough Ring",none
13972,"Diamond in the Rough Ring",none
13973,"Diamond in the Rough Ring",none
13974,"Diamond in the Rough Ring",none
13975,"Diamond in the Rough Ring",none
13976,"Diamond in the Rough Ring",none
13977,"Diamond in the Rough Ring",none
13978,"Diamond in the Rough Ring",none
13979,"Diamond in the Rough Ring",none
13980,"Diamond in the Rough Ring",none
13981,"Diamond in the Rough Ring",none
13982,"Diamond in the Rough Ring",none
13983,"Diamond in the Rough Ring",none
13984,"Diamond in the Rough Ring",none
13985,"Diamond in the Rough Ring",none
13986,"Diamond in the Rough Ring",none
13987,"Diamond in the Rough Ring",none
13988,"Diamond in the Rough Ring",none
13989,"Diamond in the Rough Ring",none
13990,"Diamond in the Rough Ring",none
13991,"Diamond in the Rough Ring",none
13992,"Diamond in the Rough Ring",none
13993,"Diamond in the Rough Ring",none
13994,"Diamond in the Rough Ring",none
13995,"Diamond in the Rough Ring",none
13996,"Diamond in the Rough Ring",none
13997,"Diamond in the Rough Ring",none
13998,"Diamond in the Rough Ring",none
13999,"Diamond in the Rough Ring",none
14000,"Diamond in the Rough Ring",none
14001,"Diamond in the Rough Ring",none
14002,"Diamond in the Rough Ring",none
14003,"Diamond in the Rough Ring",none
14004,"Diamond in the Rough Ring",none
14005,"Diamond in the Rough Ring",none
14006,"Diamond in the Rough Ring",none
14007,"Diamond in the Rough Ring",none
14008,"Diamond in the Rough Ring",none
14009,"Diamond in the Rough Ring",none
14010,"Diamond in the Rough Ring",none
14011,"Diamond in the Rough Ring",none
14012,"Diamond in the Rough Ring",none
14013,"Diamond in the Rough Ring",none
14014,"Diamond in the Rough Ring",none
14015,"Diamond in the Rough Ring",none
14016,"Diamond in the Rough Ring",none
14017,"Diamond in the Rough Ring",none
14018,"Diamond in the Rough Ring",none
14019,"Diamond in the Rough Ring",none
14020,"Diamond in the Rough Ring",none
14021,"Diamond in the Rough Ring",none
14022,"Diamond in the Rough Ring",none
14023,"Diamond in the Rough Ring",none
14024,"Diamond in the Rough Ring",none
14025,"Diamond in the Rough Ring",none
14026,"Diamond in the Rough Ring",none
14027,"Diamond in the Rough Ring",none
14028,"Diamond in the Rough Ring",none
14029,"Diamond in the Rough Ring",none
14030,"Diamond in the Rough Ring",none
14031,"Diamond in the Rough Ring",none
14032,"Diamond in the Rough Ring",none
14033,"Diamond in the Rough Ring",none
14034,"Diamond in the Rough Ring",none
14035,"Diamond in the Rough Ring",none
14036,"Diamond in the Rough Ring",none
14037,"Diamond in the Rough Ring",none
14038,"Diamond in the Rough Ring",none
14039,"Diamond in the Rough Ring",none
14040,"Diamond in the Rough Ring",none
14041,"Diamond in the Rough Ring",none
14042,"Diamond in the Rough Ring",none
14043,"Diamond in the Rough Ring",none
14044,"Diamond in the Rough Ring",none
14045,"Diamond in the Rough Ring",none
14046,"Diamond in the Rough Ring",none
14047,"Diamond in the Rough Ring",none
14048,"Diamond in the Rough Ring",none
14049,"Diamond in the Rough Ring",none
14050,"Diamond in the Rough Ring",none
14051,"Diamond in the Rough Ring",none
14052,"Diamond in the Rough Ring",none
14053,"Diamond in the Rough Ring",none
14054,"Diamond in the Rough Ring",none
14055,"Luna Diamond Ring",none
14056,"Luna Diamond Ring",none
14057,"Luna Diamond Ring",none
14058,"Luna Diamond Ring",none
14059,"Luna Diamond Ring",none
14060,"Luna Diamond Ring",none
14061,"Luna Diamond Ring",none
14062,"Luna Diamond Ring",none
14063,"Luna Diamond Ring",none
14064,"Luna Diamond Ring",none
14065,"Luna Diamond Ring",none
14066,"Luna Diamond Ring",none
14067,"Luna Diamond Ring",none
14068,"Luna Diamond Ring",none
14069,"Luna Diamond Ring",none
14070,"Luna Diamond Ring",none
14071,"Luna Diamond Ring",none
14072,"Luna Diamond Ring",none
14073,"Luna Diamond Ring",none
14074,"Luna Diamond Ring",none
14075,"Luna Diamond Ring",none
14076,"Luna Diamond Ring",none
14077,"Luna Diamond Ring",none
14078,"Luna Diamond Ring",none
14079,"Luna Diamond Ring",none
14080,"Luna Diamond Ring",none
14081,"Luna Diamond Ring",none
14082,"Luna Diamond Ring",none
14083,"Luna Diamond Ring",none
14084,"Luna Diamond Ring",none
14085,"Luna Diamond Ring",none
14086,"Luna Diamond Ring",none
14087,"Luna Diamond Ring",none
14088,"Luna Diamond Ring",none
14089,"Luna Diamond Ring",none
14090,"Luna Diamond Ring",none
14091,"Luna Diamond Ring",none
14092,"Luna Diamond Ring",none
14093,"Luna Diamond Ring",none
14094,"Luna Diamond Ring",none
14095,"Luna Diamond Ring",none
14096,"Luna Diamond Ring",none
14097,"Luna Diamond Ring",none
14098,"Luna Diamond Ring",none
14099,"Luna Diamond Ring",none
14100,"Luna Diamond Ring",none
14101,"Luna Diamond Ring",none
14102,"Luna Diamond Ring",none
14103,"Luna Diamond Ring",none
14104,"Luna Diamond Ring",none
14105,"Luna Diamond Ring",none
14106,"Luna Diamond Ring",none
14107,"Luna Diamond Ring",none
14108,"Luna Diamond Ring",none
14109,"Luna Diamond Ring",none
14110,"Luna Diamond Ring",none
14111,"Luna Diamond Ring",none
14112,"Luna Diamond Ring",none
14113,"Luna Diamond Ring",none
14114,"Luna Diamond Ring",none
14115,"Luna Diamond Ring",none
14116,"Luna Diamond Ring",none
14117,"Luna Diamond Ring",none
14118,"Luna Diamond Ring",none
14119,"Luna Diamond Ring",none
14120,"Luna Diamond Ring",none
14121,"Luna Diamond Ring",none
14122,"Luna Diamond Ring",none
14123,"Luna Diamond Ring",none
14124,"Luna Diamond Ring",none
14125,"Luna Diamond Ring",none
14126,"Luna Diamond Ring",none
14127,"Luna Diamond Ring",none
14128,"Luna Diamond Ring",none
14129,"Luna Diamond Ring",none
14130,"Luna Diamond Ring",none
14131,"Luna Diamond Ring",none
14132,"Luna Diamond Ring",none
14133,"Luna Diamond Ring",none
14134,"Luna Diamond Ring",none
14135,"Luna Diamond Ring",none
14136,"Luna Diamond Ring",none
14137,"Luna Diamond Ring",none
14138,"Luna Diamond Ring",none
14139,"Luna Diamond Ring",none
14140,"Luna Diamond Ring",none
14141,"Luna Diamond Ring",none
14142,"Luna Diamond Ring",none
14143,"Luna Diamond Ring",none
14144,"Luna Diamond Ring",none
14145,"Luna Diamond Ring",none
14146,"Luna Diamond Ring",none
14147,"Luna Diamond Ring",none
14148,"Luna Diamond Ring",none
14149,"Luna Diamond Ring",none
14150,"Luna Diamond Ring",none
14151,"Luna Diamond Ring",none
14152,"Luna Diamond Ring",none
14153,"Luna Diamond Ring",none
14154,"Luna Diamond Ring",none
14155,"Luna Diamond Ring",none
14156,"Luna Diamond Ring",none
14157,"Luna Diamond Ring",none
14158,"Luna Diamond Ring",none
14159,"Luna Diamond Ring",none
14160,"Luna Diamond Ring",none
14161,"Luna Diamond Ring",none
14162,"Luna Diamond Ring",none
14163,"Luna Diamond Ring",none
14164,"Luna Diamond Ring",none
14165,"Luna Diamond Ring",none
14166,"Luna Ring",none
14167,"Luna Ring",none
14168,"Luna Ring",none
14169,"Luna Ring",none
14170,"Luna Ring",none
14171,"Luna Ring",none
14172,"Luna Ring",none
14173,"Luna Ring",none
14174,"Luna Ring",none
14175,"Luna Ring",none
14176,"Luna Ring",none
14177,"Luna Ring",none
14178,"Luna Ring",none
14179,"Luna Ring",none
14180,"Luna Ring",none
14181,"Luna Ring",none
14182,"Luna Ring",none
14183,"Luna Ring",none
14184,"Luna Ring",none
14185,"Luna Ring",none
14186,"Luna Ring",none
14187,"Luna Ring",none
14188,"Luna Ring",none
14189,"Luna Ring",none
14190,"Luna Ring",none
14191,"Luna Ring",none
14192,"Luna Ring",none
14193,"Luna Ring",none
14194,"Luna Ring",none
14195,"Luna Ring",none
14196,"Luna Ring",none
14197,"Luna Ring",none
14198,"Luna Ring",none
14199,"Luna Ring",none
14200,"Luna Ring",none
14201,"Luna Ring",none
14202,"Luna Ring",none
14203,"Luna Ring",none
14204,"Luna Ring",none
14205,"Luna Ring",none
14206,"Luna Ring",none
14207,"Luna Ring",none
14208,"Luna Ring",none
14209,"Luna Ring",none
14210,"Luna Ring",none
14211,"Luna Ring",none
14212,"Luna Ring",none
14213,"Luna Ring",none
14214,"Luna Ring",none
14215,"Luna Ring",none
14216,"Luna Ring",none
14217,"Luna Ring",none
14218,"Luna Ring",none
14219,"Luna Ring",none
14220,"Luna Ring",none
14221,"Luna Ring",none
14222,"Luna Ring",none
14223,"Luna Ring",none
14224,"Luna Ring",none
14225,"Luna Ring",none
14226,"Luna Ring",none
14227,"Luna Ring",none
14228,"Luna Ring",none
14229,"Luna Ring",none
14230,"Luna Ring",none
14231,"Luna Ring",none
14232,"Luna Ring",none
14233,"Luna Ring",none
14234,"Luna Ring",none
14235,"Luna Ring",none
14236,"Luna Ring",none
14237,"Luna Ring",none
14238,"Luna Ring",none
14239,"Luna Ring",none
14240,"Luna Ring",none
14241,"Luna Ring",none
14242,"Luna Ring",none
14243,"Luna Ring",none
14244,"Luna Ring",none
14245,"Luna Ring",none
14246,"Luna Ring",none
14247,"Luna Ring",none
14248,"Luna Ring",none
14249,"Luna Ring",none
14250,"Luna Ring",none
14251,"Luna Ring",none
14252,"Luna Ring",none
14253,"Luna Ring",none
14254,"Luna Ring",none
14255,"Luna Ring",none
14256,"Luna Ring",none
14257,"Luna Ring",none
14258,"Luna Ring",none
14259,"Luna Ring",none
14260,"Luna Ring",none
14261,"Luna Ring",none
14262,"Luna Ring",none
14263,"Luna Ring",none
14264,"Luna Ring",none
14265,"Luna Ring",none
14266,"Luna Ring",none
14267,"Luna Ring",none
14268,"Luna Ring",none
14269,"Luna Ring",none
14270,"Luna Ring",none
14271,"Luna Ring",none
14272,"Luna Ring",none
14273,"Luna Ring",none
14274,"Luna Ring",none
14275,"Luna Ring",none
14276,"Luna Ring",none
14277,"Luna Ring",none
14278,"Luna Ring",none
14279,"Luna Ring",none
14280,"Luna Ring",none
14281,"Luna Ring",none
14282,"Luna Ring",none
14283,"Luna Ring",none
14284,"Luna Ring",none
14285,"Luna Ring",none
14286,"Luna Ring",none
14287,"Luna Ring",none
14288,"Luna Ring",none
14289,"Luna Ring",none
14290,"Luna Ring",none
14291,"Luna Ring",none
14292,"Luna Ring",none
14293,"Luna Ring",none
14294,"Luna Ring",none
14295,"Luna Ring",none
14296,"Luna Ring",none
14297,"Luna Ring",none
14298,"Luna Ring",none
14299,"Luna Ring",none
14300,"Luna Ring",none
14301,"Luna Ring",none
14302,"Luna Ring",none
14303,"Luna Ring",none
14304,"Luna Ring",none
14305,"Luna Ring",none
14306,"Luna Ring",none
14307,"Luna Ring",none
14308,"Luna Ring",none
14309,"Luna Ring",none
14310,"Luna Ring",none
14311,"Luna Ring",none
14312,"Luna Ring",none
14313,"Luna Ring",none
14314,"Ruby Crossover Ring",none
14315,"Ruby Crossover Ring",none
14316,"Ruby Crossover Ring",none
14317,"Ruby Crossover Ring",none
14318,"Ruby Crossover Ring",none
14319,"Ruby Crossover Ring",none
14320,"Ruby Crossover Ring",none
14321,"Ruby Crossover Ring",none
14322,"Ruby Crossover Ring",none
14323,"Ruby Crossover Ring",none
14324,"Ruby Crossover Ring",none
14325,"Ruby Crossover Ring",none
14326,"Ruby Crossover Ring",none
14327,"Ruby Crossover Ring",none
14328,"Ruby Crossover Ring",none
14329,"Ruby Crossover Ring",none
14330,"Ruby Crossover Ring",none
14331,"Ruby Crossover Ring",none
14332,"Ruby Crossover Ring",none
14333,"Ruby Crossover Ring",none
14334,"Ruby Crossover Ring",none
14335,"Ruby Crossover Ring",none
14336,"Ruby Crossover Ring",none
14337,"Ruby Crossover Ring",none
14338,"Ruby Crossover Ring",none
14339,"Ruby Crossover Ring",none
14340,"Ruby Crossover Ring",none
14341,"Ruby Crossover Ring",none
14342,"Ruby Crossover Ring",none
14343,"Ruby Crossover Ring",none
14344,"Ruby Crossover Ring",none
14345,"Ruby Crossover Ring",none
14346,"Ruby Crossover Ring",none
14347,"Ruby Crossover Ring",none
14348,"Ruby Crossover Ring",none
14349,"Ruby Crossover Ring",none
14350,"Ruby Crossover Ring",none
14351,"Ruby Crossover Ring",none
14352,"Ruby Crossover Ring",none
14353,"Ruby Crossover Ring",none
14354,"Ruby Crossover Ring",none
14355,"Ruby Crossover Ring",none
14356,"Ruby Crossover Ring",none
14357,"Ruby Crossover Ring",none
14358,"Ruby Crossover Ring",none
14359,"Ruby Crossover Ring",none
14360,"Ruby Crossover Ring",none
14361,"Ruby Crossover Ring",none
14362,"Ruby Crossover Ring",none
14363,"Ruby Crossover Ring",none
14364,"Ruby Crossover Ring",none
14365,"Ruby Crossover Ring",none
14366,"Ruby Crossover Ring",none
14367,"Ruby Crossover Ring",none
14368,"Ruby Crossover Ring",none
14369,"Ruby Crossover Ring",none
14370,"Ruby Crossover Ring",none
14371,"Ruby Crossover Ring",none
14372,"Ruby Crossover Ring",none
14373,"Ruby Crossover Ring",none
14374,"Ruby Crossover Ring",none
14375,"Ruby Crossover Ring",none
14376,"Ruby Crossover Ring",none
14377,"Ruby Crossover Ring",none
14378,"Ruby Crossover Ring",none
14379,"Ruby Crossover Ring",none
14380,"Ruby Crossover Ring",none
14381,"Ruby Crossover Ring",none
14382,"Ruby Crossover Ring",none
14383,"Ruby Crossover Ring",none
14384,"Ruby Crossover Ring",none
14385,"Ruby Crossover Ring",none
14386,"Ruby Crossover Ring",none
14387,"Ruby Crossover Ring",none
14388,"Ruby Crossover Ring",none
14389,"Ruby Crossover Ring",none
14390,"Ruby Crossover Ring",none
14391,"Ruby Crossover Ring",none
14392,"Ruby Crossover Ring",none
14393,"Ruby Crossover Ring",none
14394,"Ruby Crossover Ring",none
14395,"Ruby Crossover Ring",none
14396,"Ruby Crossover Ring",none
14397,"Ruby Crossover Ring",none
14398,"Ruby Crossover Ring",none
14399,"Ruby Crossover Ring",none
14400,"Ruby Crossover Ring",none
14401,"Ruby Crossover Ring",none
14402,"Ruby Crossover Ring",none
14403,"Ruby Crossover Ring",none
14404,"Ruby Crossover Ring",none
14405,"Ruby Crossover Ring",none
14406,"Ruby Crossover Ring",none
14407,"Ruby Crossover Ring",none
14408,"Ruby Crossover Ring",none
14409,"Ruby Crossover Ring",none
14410,"Ruby Crossover Ring",none
14411,"Ruby Crossover Ring",none
14412,"Ruby Crossover Ring",none
14413,"Ruby Crossover Ring",none
14414,"Ruby Crossover Ring",none
14415,"Ruby Crossover Ring",none
14416,"Ruby Crossover Ring",none
14417,"Ruby Crossover Ring",none
14418,"Ruby Crossover Ring",none
14419,"Ruby Crossover Ring",none
14420,"Ruby Crossover Ring",none
14421,"Ruby Crossover Ring",none
14422,"Ruby Crossover Ring",none
14423,"Ruby Crossover Ring",none
14424,"Ruby Crossover Ring",none
14425,"Sunset Diamond Ring",none
14426,"Sunset Diamond Ring",none
14427,"Sunset Diamond Ring",none
14428,"Sunset Diamond Ring",none
14429,"Sunset Diamond Ring",none
14430,"Sunset Diamond Ring",none
14431,"Sunset Diamond Ring",none
14432,"Sunset Diamond Ring",none
14433,"Sunset Diamond Ring",none
14434,"Sunset Diamond Ring",none
14435,"Sunset Diamond Ring",none
14436,"Sunset Diamond Ring",none
14437,"Sunset Diamond Ring",none
14438,"Sunset Diamond Ring",none
14439,"Sunset Diamond Ring",none
14440,"Sunset Diamond Ring",none
14441,"Sunset Diamond Ring",none
14442,"Sunset Diamond Ring",none
14443,"Sunset Diamond Ring",none
14444,"Sunset Diamond Ring",none
14445,"Sunset Diamond Ring",none
14446,"Sunset Diamond Ring",none
14447,"Sunset Diamond Ring",none
14448,"Sunset Diamond Ring",none
14449,"Sunset Diamond Ring",none
14450,"Sunset Diamond Ring",none
14451,"Sunset Diamond Ring",none
14452,"Sunset Diamond Ring",none
14453,"Sunset Diamond Ring",none
14454,"Sunset Diamond Ring",none
14455,"Sunset Diamond Ring",none
14456,"Sunset Diamond Ring",none
14457,"Sunset Diamond Ring",none
14458,"Sunset Diamond Ring",none
14459,"Sunset Diamond Ring",none
14460,"Sunset Diamond Ring",none
14461,"Sunset Diamond Ring",none
14462,"Sunset Diamond Ring",none
14463,"Sunset Diamond Ring",none
14464,"Sunset Diamond Ring",none
14465,"Sunset Diamond Ring",none
14466,"Sunset Diamond Ring",none
14467,"Sunset Diamond Ring",none
14468,"Sunset Diamond Ring",none
14469,"Sunset Diamond Ring",none
14470,"Sunset Diamond Ring",none
14471,"Sunset Diamond Ring",none
14472,"Sunset Diamond Ring",none
14473,"Sunset Diamond Ring",none
14474,"Sunset Diamond Ring",none
14475,"Sunset Diamond Ring",none
14476,"Sunset Diamond Ring",none
14477,"Sunset Diamond Ring",none
14478,"Sunset Diamond Ring",none
14479,"Sunset Diamond Ring",none
14480,"Sunset Diamond Ring",none
14481,"Sunset Diamond Ring",none
14482,"Sunset Diamond Ring",none
14483,"Sunset Diamond Ring",none
14484,"Sunset Diamond Ring",none
14485,"Sunset Diamond Ring",none
14486,"Sunset Diamond Ring",none
14487,"Sunset Diamond Ring",none
14488,"Sunset Diamond Ring",none
14489,"Sunset Diamond Ring",none
14490,"Sunset Diamond Ring",none
14491,"Sunset Diamond Ring",none
14492,"Sunset Diamond Ring",none
14493,"Sunset Diamond Ring",none
14494,"Sunset Diamond Ring",none
14495,"Sunset Diamond Ring",none
14496,"Sunset Diamond Ring",none
14497,"Sunset Diamond Ring",none
14498,"Sunset Diamond Ring",none
14499,"Sunset Diamond Ring",none
14500,"Sunset Diamond Ring",none
14501,"Sunset Diamond Ring",none
14502,"Sunset Diamond Ring",none
14503,"Sunset Diamond Ring",none
14504,"Sunset Diamond Ring",none
14505,"Sunset Diamond Ring",none
14506,"Sunset Diamond Ring",none
14507,"Sunset Diamond Ring",none
14508,"Sunset Diamond Ring",none
14509,"Sunset Diamond Ring",none
14510,"Sunset Diamond Ring",none
14511,"Sunset Diamond Ring",none
14512,"Sunset Diamond Ring",none
14513,"Sunset Diamond Ring",none
14514,"Sunset Diamond Ring",none
14515,"Sunset Diamond Ring",none
14516,"Sunset Diamond Ring",none
14517,"Sunset Diamond Ring",none
14518,"Sunset Diamond Ring",none
14519,"Sunset Diamond Ring",none
14520,"Sunset Diamond Ring",none
14521,"Sunset Diamond Ring",none
14522,"Sunset Diamond Ring",none
14523,"Sunset Diamond Ring",none
14524,"Sunset Diamond Ring",none
14525,"Sunset Diamond Ring",none
14526,"Sunset Diamond Ring",none
14527,"Sunset Diamond Ring",none
14528,"Sunset Diamond Ring",none
14529,"Sunset Diamond Ring",none
14530,"Sunset Diamond Ring",none
14531,"Sunset Diamond Ring",none
14532,"Sunset Diamond Ring",none
14533,"Sunset Diamond Ring",none
14534,"Sunset Diamond Ring",none
14535,"Sunset Diamond Ring",none
14536,"Sunset Ring",none
14537,"Sunset Ring",none
14538,"Sunset Ring",none
14539,"Sunset Ring",none
14540,"Sunset Ring",none
14541,"Sunset Ring",none
14542,"Sunset Ring",none
14543,"Sunset Ring",none
14544,"Sunset Ring",none
14545,"Sunset Ring",none
14546,"Sunset Ring",none
14547,"Sunset Ring",none
14548,"Sunset Ring",none
14549,"Sunset Ring",none
14550,"Sunset Ring",none
14551,"Sunset Ring",none
14552,"Sunset Ring",none
14553,"Sunset Ring",none
14554,"Sunset Ring",none
14555,"Sunset Ring",none
14556,"Sunset Ring",none
14557,"Sunset Ring",none
14558,"Sunset Ring",none
14559,"Sunset Ring",none
14560,"Sunset Ring",none
14561,"Sunset Ring",none
14562,"Sunset Ring",none
14563,"Sunset Ring",none
14564,"Sunset Ring",none
14565,"Sunset Ring",none
14566,"Sunset Ring",none
14567,"Sunset Ring",none
14568,"Sunset Ring",none
14569,"Sunset Ring",none
14570,"Sunset Ring",none
14571,"Sunset Ring",none
14572,"Sunset Ring",none
14573,"Sunset Ring",none
14574,"Sunset Ring",none
14575,"Sunset Ring",none
14576,"Sunset Ring",none
14577,"Sunset Ring",none
14578,"Sunset Ring",none
14579,"Sunset Ring",none
14580,"Sunset Ring",none
14581,"Sunset Ring",none
14582,"Sunset Ring",none
14583,"Sunset Ring",none
14584,"Sunset Ring",none
14585,"Sunset Ring",none
14586,"Sunset Ring",none
14587,"Sunset Ring",none
14588,"Sunset Ring",none
14589,"Sunset Ring",none
14590,"Sunset Ring",none
14591,"Sunset Ring",none
14592,"Sunset Ring",none
14593,"Sunset Ring",none
14594,"Sunset Ring",none
14595,"Sunset Ring",none
14596,"Sunset Ring",none
14597,"Sunset Ring",none
14598,"Sunset Ring",none
14599,"Sunset Ring",none
14600,"Sunset Ring",none
14601,"Sunset Ring",none
14602,"Sunset Ring",none
14603,"Sunset Ring",none
14604,"Sunset Ring",none
14605,"Sunset Ring",none
14606,"Sunset Ring",none
14607,"Sunset Ring",none
14608,"Sunset Ring",none
14609,"Sunset Ring",none
14610,"Sunset Ring",none
14611,"Sunset Ring",none
14612,"Sunset Ring",none
14613,"Sunset Ring",none
14614,"Sunset Ring",none
14615,"Sunset Ring",none
14616,"Sunset Ring",none
14617,"Sunset Ring",none
14618,"Sunset Ring",none
14619,"Sunset Ring",none
14620,"Sunset Ring",none
14621,"Sunset Ring",none
14622,"Sunset Ring",none
14623,"Sunset Ring",none
14624,"Sunset Ring",none
14625,"Sunset Ring",none
14626,"Sunset Ring",none
14627,"Sunset Ring",none
14628,"Sunset Ring",none
14629,"Sunset Ring",none
14630,"Sunset Ring",none
14631,"Sunset Ring",none
14632,"Sunset Ring",none
14633,"Sunset Ring",none
14634,"Sunset Ring",none
14635,"Sunset Ring",none
14636,"Sunset Ring",none
14637,"Sunset Ring",none
14638,"Sunset Ring",none
14639,"Sunset Ring",none
14640,"Sunset Ring",none
14641,"Sunset Ring",none
14642,"Sunset Ring",none
14643,"Sunset Ring",none
14644,"Sunset Ring",none
14645,"Sunset Ring",none
14646,"Sunset Ring",none
14647,"Sunset Ring",none
14648,"Sunset Ring",none
14649,"Sunset Ring",none
14650,"Sunset Ring",none
14651,"Sunset Ring",none
14652,"Sunset Ring",none
14653,"Sunset Ring",none
14654,"Sunset Ring",none
14655,"Sunset Ring",none
14656,"Sunset Ring",none
14657,"Sunset Ring",none
14658,"Sunset Ring",none
14659,"Sunset Ring",none
14660,"Sunset Ring",none
14661,"Sunset Ring",none
14662,"Sunset Ring",none
14663,"Sunset Ring",none
14664,"Sunset Ring",none
14665,"Sunset Ring",none
14666,"Sunset Ring",none
14667,"Sunset Ring",none
14668,"Sunset Ring",none
14669,"Sunset Ring",none
14670,"Sunset Ring",none
14671,"Sunset Ring",none
14672,"Sunset Ring",none
14673,"Sunset Ring",none
14674,"Sunset Ring",none
14675,"Sunset Ring",none
14676,"Sunset Ring",none
14677,"Sunset Ring",none
14678,"Sunset Ring",none
14679,"Sunset Ring",none
14680,"Sunset Ring",none
14681,"Sunset Ring",none
14682,"Sunset Ring",none
14683,"Sunset Ring",none
14684,"Turquoise Bubble Ring",none
14685,"Turquoise Bubble Ring",none
14686,"Turquoise Bubble Ring",none
14687,"Turquoise Bubble Ring",none
14688,"Turquoise Bubble Ring",none
14689,"Turquoise Bubble Ring",none
14690,"Turquoise Bubble Ring",none
14691,"Turquoise Bubble Ring",none
14692,"Turquoise Bubble Ring",none
14693,"Turquoise Bubble Ring",none
14694,"Turquoise Bubble Ring",none
14695,"Turquoise Bubble Ring",none
14696,"Turquoise Bubble Ring",none
14697,"Turquoise Bubble Ring",none
14698,"Turquoise Bubble Ring",none
14699,"Turquoise Bubble Ring",none
14700,"Turquoise Bubble Ring",none
14701,"Turquoise Bubble Ring",none
14702,"Turquoise Bubble Ring",none
14703,"Turquoise Bubble Ring",none
14704,"Turquoise Bubble Ring",none
14705,"Turquoise Bubble Ring",none
14706,"Turquoise Bubble Ring",none
14707,"Turquoise Bubble Ring",none
14708,"Turquoise Bubble Ring",none
14709,"Turquoise Bubble Ring",none
14710,"Turquoise Bubble Ring",none
14711,"Turquoise Bubble Ring",none
14712,"Turquoise Bubble Ring",none
14713,"Turquoise Bubble Ring",none
14714,"Turquoise Bubble Ring",none
14715,"Turquoise Bubble Ring",none
14716,"Turquoise Bubble Ring",none
14717,"Turquoise Bubble Ring",none
14718,"Turquoise Bubble Ring",none
14719,"Turquoise Bubble Ring",none
14720,"Turquoise Bubble Ring",none
14721,"Turquoise Bubble Ring",none
14722,"Turquoise Bubble Ring",none
14723,"Turquoise Bubble Ring",none
14724,"Turquoise Bubble Ring",none
14725,"Turquoise Bubble Ring",none
14726,"Turquoise Bubble Ring",none
14727,"Turquoise Bubble Ring",none
14728,"Turquoise Bubble Ring",none
14729,"Turquoise Bubble Ring",none
14730,"Turquoise Bubble Ring",none
14731,"Turquoise Bubble Ring",none
14732,"Turquoise Bubble Ring",none
14733,"Turquoise Bubble Ring",none
14734,"Turquoise Bubble Ring",none
14735,"Turquoise Bubble Ring",none
14736,"Turquoise Bubble Ring",none
14737,"Turquoise Bubble Ring",none
14738,"Turquoise Bubble Ring",none
14739,"Turquoise Bubble Ring",none
14740,"Turquoise Bubble Ring",none
14741,"Turquoise Bubble Ring",none
14742,"Turquoise Bubble Ring",none
14743,"Turquoise Bubble Ring",none
14744,"Turquoise Bubble Ring",none
14745,"Turquoise Bubble Ring",none
14746,"Turquoise Bubble Ring",none
14747,"Turquoise Bubble Ring",none
14748,"Turquoise Bubble Ring",none
14749,"Turquoise Bubble Ring",none
14750,"Turquoise Bubble Ring",none
14751,"Turquoise Bubble Ring",none
14752,"Turquoise Bubble Ring",none
14753,"Turquoise Bubble Ring",none
14754,"Turquoise Bubble Ring",none
14755,"Turquoise Bubble Ring",none
14756,"Turquoise Bubble Ring",none
14757,"Turquoise Bubble Ring",none
14795,"Turquoise Bubble Ring",none
14796,"Turquoise Bubble Ring",none
14797,"Turquoise Bubble Ring",none
14798,"Turquoise Bubble Ring",none
14799,"Turquoise Bubble Ring",none
14800,"Turquoise Bubble Ring",none
14801,"Turquoise Bubble Ring",none
14802,"Turquoise Bubble Ring",none
14803,"Turquoise Bubble Ring",none
14804,"Turquoise Bubble Ring",none
14805,"Turquoise Bubble Ring",none
14806,"Turquoise Bubble Ring",none
14807,"Turquoise Bubble Ring",none
14808,"Turquoise Bubble Ring",none
14809,"Turquoise Bubble Ring",none
14810,"Turquoise Bubble Ring",none
14811,"Turquoise Bubble Ring",none
14812,"Turquoise Bubble Ring",none
14813,"Turquoise Bubble Ring",none
14814,"Turquoise Bubble Ring",none
14815,"Turquoise Bubble Ring",none
14816,"Turquoise Bubble Ring",none
14817,"Turquoise Bubble Ring",none
14818,"Turquoise Bubble Ring",none
14819,"Turquoise Bubble Ring",none
14820,"Turquoise Bubble Ring",none
14821,"Turquoise Bubble Ring",none
14822,"Turquoise Bubble Ring",none
14823,"Turquoise Bubble Ring",none
14824,"Turquoise Bubble Ring",none
14825,"Turquoise Bubble Ring",none
14826,"Turquoise Bubble Ring",none
14827,"Turquoise Bubble Ring",none
14828,"Turquoise Bubble Ring",none
14829,"Turquoise Bubble Ring",none
14830,"Turquoise Bubble Ring",none
14831,"Turquoise Bubble Ring",none
14832,"Turquoise Bubble Ring",none
14833,"Turquoise Bubble Ring",none
14834,"Turquoise Bubble Ring",none
14835,"Turquoise Bubble Ring",none
14836,"Turquoise Bubble Ring",none
14837,"Turquoise Bubble Ring",none
14838,"Turquoise Bubble Ring",none
14839,"Turquoise Bubble Ring",none
14840,"Turquoise Bubble Ring",none
14841,"Turquoise Bubble Ring",none
14842,"Turquoise Bubble Ring",none
14843,"Turquoise Bubble Ring",none
14844,"Turquoise Bubble Ring",none
14845,"Turquoise Bubble Ring",none
14846,"Turquoise Bubble Ring",none
14847,"Turquoise Bubble Ring",none
14848,"Turquoise Bubble Ring",none
14849,"Turquoise Bubble Ring",none
14850,"Turquoise Bubble Ring",none
14851,"Turquoise Bubble Ring",none
14852,"Turquoise Bubble Ring",none
14853,"Turquoise Bubble Ring",none
14854,"Turquoise Bubble Ring",none
14855,"Turquoise Bubble Ring",none
14856,"Turquoise Bubble Ring",none
14857,"Turquoise Bubble Ring",none
14858,"Turquoise Bubble Ring",none
14859,"Turquoise Bubble Ring",none
14860,"Turquoise Bubble Ring",none
14861,"Turquoise Bubble Ring",none
14862,"Turquoise Bubble Ring",none
14863,"Turquoise Bubble Ring",none
14864,"Turquoise Bubble Ring",none
14865,"Turquoise Bubble Ring",none
14866,"Turquoise Bubble Ring",none
14867,"Turquoise Bubble Ring",none
14868,"Turquoise Bubble Ring",none
14869,"Turquoise Bubble Ring",none
14870,"Turquoise Bubble Ring",none
14871,"Turquoise Bubble Ring",none
14872,"Turquoise Bubble Ring",none
14873,"Turquoise Bubble Ring",none
14874,"Turquoise Bubble Ring",none
14875,"Turquoise Bubble Ring",none
14876,"Turquoise Bubble Ring",none
14877,"Turquoise Bubble Ring",none
14878,"Turquoise Bubble Ring",none
14879,"Turquoise Bubble Ring",none
14880,"Turquoise Bubble Ring",none
14881,"Turquoise Bubble Ring",none
14882,"Turquoise Bubble Ring",none
14883,"Turquoise Bubble Ring",none
14884,"Turquoise Bubble Ring",none
14885,"Turquoise Bubble Ring",none
14886,"Turquoise Bubble Ring",none
14887,"Turquoise Bubble Ring",none
14888,"Turquoise Bubble Ring",none
14889,"Turquoise Bubble Ring",none
14890,"Turquoise Bubble Ring",none
14891,"Turquoise Bubble Ring",none
14892,"Turquoise Bubble Ring",none
14893,"Turquoise Bubble Ring",none
14894,"Turquoise Bubble Ring",none
14895,"Turquoise Bubble Ring",none
14896,"Turquoise Bubble Ring",none
14897,"Turquoise Bubble Ring",none
14898,"Turquoise Bubble Ring",none
14899,"Turquoise Bubble Ring",none
14900,"Turquoise Bubble Ring",none
14901,"Turquoise Bubble Ring",none
14902,"Turquoise Bubble Ring",none
14903,"Turquoise Bubble Ring",none
14904,"Turquoise Bubble Ring",none
14905,"Turquoise Bubble Ring",none
14906,"Turquoise Bubble Ring",none
14907,"Turquoise Bubble Ring",none
14908,"Turquoise Bubble Ring",none
14909,"Turquoise Bubble Ring",none
14910,"Turquoise Bubble Ring",none
14911,"Turquoise Bubble Ring",none
14912,"Turquoise Bubble Ring",none
14913,"Turquoise Bubble Ring",none
14914,"Turquoise Bubble Ring",none
14915,"Turquoise Bubble Ring",none
14916,"Turquoise Bubble Ring",none
14917,"Turquoise Bubble Ring",none
14918,"Turquoise Bubble Ring",none
14919,"Turquoise Bubble Ring",none
14920,"Turquoise Bubble Ring",none
14921,"Turquoise Bubble Ring",none
14922,"Turquoise Bubble Ring",none
14923,"Turquoise Bubble Ring",none
14924,"Turquoise Bubble Ring",none
14925,"Turquoise Bubble Ring",none
14926,"Turquoise Bubble Ring",none
14927,"Turquoise Bubble Ring",none
14928,"Turquoise Bubble Ring",none
14929,"Turquoise Bubble Ring",none
14930,"Turquoise Bubble Ring",none
14931,"Turquoise Bubble Ring",none
14932,"Turquoise Bubble Ring",none
14933,"Turquoise Bubble Ring",none
14934,"Turquoise Bubble Ring",none
14935,"Turquoise Bubble Ring",none
14936,"Turquoise Bubble Ring",none
14937,"Turquoise Bubble Ring",none
14938,"Turquoise Bubble Ring",none
14939,"Turquoise Bubble Ring",none
14940,"Turquoise Bubble Ring",none
14941,"Turquoise Bubble Ring",none
14942,"Turquoise Bubble Ring",none
14943,"Turquoise Bubble Ring",none
14944,"Turquoise Bubble Ring",none
14945,"Turquoise Bubble Ring",none
14946,"Turquoise Bubble Ring",none
14947,"Turquoise Bubble Ring",none
14948,"Turquoise Bubble Ring",none
14949,"Turquoise Bubble Ring",none
14950,"Turquoise Bubble Ring",none
14951,"Turquoise Bubble Ring",none
14952,"Turquoise Bubble Ring",none
14953,"Turquoise Bubble Ring",none
14954,"Turquoise Bubble Ring",none
14955,"Turquoise Bubble Ring",none
14956,"Turquoise Bubble Ring",none
14957,"Turquoise Bubble Ring",none
14958,"Turquoise Bubble Ring",none
14959,"Turquoise Bubble Ring",none
14960,"Turquoise Bubble Ring",none
14961,"Turquoise Bubble Ring",none
14962,"Turquoise Bubble Ring",none
14963,"Turquoise Bubble Ring",none
14964,"Turquoise Bubble Ring",none
14965,"Turquoise Bubble Ring",none
14966,"Turquoise Bubble Ring",none
14967,"Turquoise Bubble Ring",none
14968,"Turquoise Bubble Ring",none
14969,"Turquoise Bubble Ring",none
14970,"Turquoise Bubble Ring",none
14971,"Turquoise Bubble Ring",none
14972,"Turquoise Bubble Ring",none
14973,"Turquoise Bubble Ring",none
14974,"Turquoise Bubble Ring",none
14975,"Turquoise Bubble Ring",none
14976,"Turquoise Bubble Ring",none
14977,"Turquoise Bubble Ring",none
14978,"Turquoise Bubble Ring",none
14979,"Turquoise Bubble Ring",none
14980,"Turquoise Bubble Ring",none
14981,"Turquoise Bubble Ring",none
14982,"Turquoise Bubble Ring",none
14983,"Turquoise Bubble Ring",none
14984,"Turquoise Bubble Ring",none
14985,"Turquoise Bubble Ring",none
14986,"Turquoise Bubble Ring",none
14987,"Turquoise Bubble Ring",none
14988,"Turquoise Bubble Ring",none
14989,"Turquoise Bubble Ring",none
14990,"Turquoise Bubble Ring",none
14991,"Turquoise Bubble Ring",none
14992,"Turquoise Bubble Ring",none
14993,"Turquoise Bubble Ring",none
14994,"Turquoise Bubble Ring",none
14995,"Turquoise Bubble Ring",none
14996,"Turquoise Bubble Ring",none
14997,"Turquoise Bubble Ring",none
14998,"Turquoise Bubble Ring",none
14999,"Turquoise Bubble Ring",none
15000,"Turquoise Bubble Ring",none
15001,"Turquoise Bubble Ring",none
15002,"Turquoise Bubble Ring",none
15003,"Turquoise Bubble Ring",none
15004,"Turquoise Bubble Ring",none
15005,"Turquoise Bubble Ring",none
15006,"Turquoise Bubble Ring",none
15007,"Turquoise Bubble Ring",none
15008,"Turquoise Bubble Ring",none
15009,"Turquoise Bubble Ring",none
15010,"Turquoise Bubble Ring",none
15011,"Turquoise Bubble Ring",none
15012,"Turquoise Bubble Ring",none
15013,"Turquoise Bubble Ring",none
15014,"Turquoise Bubble Ring",none
15015,"Turquoise Bubble Ring",none
15016,"Turquoise Bubble Ring",none
15043,"Product Title",none
15044,"Product Title",none
15045,"Product Title",none
15052,"0.85ct GeoCut Montana Sapphire",none
15053,"0.97ct GeoCut  Montana Sapphire",none
15054,"1.18ct GeoCut Australian Sapphire",none
15055,"1.11ct Pear Montana Sapphire",none
15056,"0.94ct Oval Montana Sapphire",none
15057,"0.77ct Round Montana Sapphire",none
15058,"1.41ct Oval Montana Sapphire",none
15059,"2.96ct Pear Montana Sapphire",none
15060,"0.59ct Radiant Montana Sapphire",none
15061,"1.29ct Freeform Nigerian Sapphire",none
15062,"2.11ct Round Nigerian Sapphire",none
15063,"0.99ct Emerald Sri Lankan Sapphire",none
15064,"1.00ct Round Sri Lankan Sapphire",none
15065,"1.13ct Pear Sri Lankan Sapphire",none
15066,"1.10ct Freeform Rose Cut Australian Sapphire",none
15067,"0.95ct Freeform Rose Cut Australian Sapphire",none
15068,"1.51ct Freeform Rose Cut Australian Sapphire",none
15069,"0.99ct Cushion Australian Sapphire",none
15070,"1.15ct Round Australian Sapphire",none
15071,"0.87ct Radiant Australian Sapphire",none
15072,"0.82ct Emerald Australian Sapphire",none
15073,"0.92ct Round Color Shift Australian Sapphire",none
15074,"1.18ct Emerald Australian Sapphire",none
15075,"0.78ct Round Color Shift Australian Sapphire",none
15076,"1.31ct Round Australian Sapphire",none
15077,"1.03ct Radiant Australian Sapphire",none
15078,"1.47ct Hexagonal Montana Sapphire",none
15079,"0.62ct Pear Montana Sapphire",none
15080,"1.06ct Oval Montana Sapphire",none
15081,"0.96ct Asscher Montana Sapphire",none
15082,"1.28ct Emerald Montana Sapphire",none
15083,"1.52ct Oval Montana Sapphire",none
15084,"0.74ct Asscher Montana Sapphire",none
15085,"1.62ct Oval Montana Sapphire",none
15086,"1.20ct Trillion  Montana Sapphire",none
15087,"1.01ct Square Australian Opal",none
15088,"1.44ct Triangle Australian Boulder Opal",none
15089,"0.99ct Oval Australian Opal",none
15090,"0.65ct Pear Australian Opal",none
15091,"1.40ct Oval Australian Opal",none
15092,"2.22ct Oval Australian Opal",none
15093,"1.27ct Retangle Australian Boulder Opal",none
15094,"1.25ct Half Moon Australian Boulder Opal",none
15095,"1.02ct Rectangular Cushion Australian Boulder Opal",none
15096,"2.02ct Light Peach Australia Zircon",none
15586,"Mabe Pearl Necklace",taxable
15587,"Mabe Pearl Necklace",taxable
15588,"Mabe Pearl Necklace",taxable
15659,"Test Product",taxable
15667,"0.75ct Round Brilliant Cut Diamond",taxable
15669,"1.0ct Round Brilliant Cut Diamond",taxable
15670,"1.5ct Round Brilliant Cut Diamond",taxable
15671,"2.0ct Round Brilliant Cut Diamond",taxable
15672,"1.50ct Lab Grown Round Brilliant Cut Diamond",taxable
15673,"2.0ct Lab Grown Round Brilliant Cut Diamond",taxable
15674,"2.50ct Lab Grown Round Brilliant Cut Diamond",taxable
15675,"3.0ct Lab Grown Round Brilliant Cut Diamond",taxable
15676,"1.50ct Lab Grown Oval Cut Diamond",taxable
15678,"2.0ct Lab Grown Oval Cut Diamond",taxable
15679,"2.50ct Lab Grown Oval Cut Diamond",taxable
15681,"3.0ct Lab Grown Oval Cut Diamond",taxable
15682,"1.50ct Lab Grown Emerald Cut Diamond",taxable
15683,"2.0ct Lab Grown Emerald Cut Diamond",taxable
15684,"2.50ct Lab Grown Emerald Cut Diamond",taxable
15685,"3.0ct Lab Grown Emerald Cut Diamond",taxable
15686,"1.5ctw dew Pear Moissanite",taxable
15687,"2.10ctw dew Pear Moissanite",taxable
15688,"2.5ctw dew Emerald Cut Moissanite",taxable
15689,"3.5ctw dew Emerald Cut Moissanite",taxable
15690,"2.0ctw dew Oval Moissanite",taxable
15692,"4.20ctw dew Oval Moissanite",taxable
15693,"1.0ctw dew Round Brilliant Cut Moissanite",taxable
15694,"1.5ctw dew Round Brilliant Cut Moissanite",taxable
15695,"2.2ctw dew Round Brilliant Cut Moissanite",taxable
15745,"test product",taxable
